package,run_id,fusion_method,image_encoder_init,regime,stage,seed,source_family,training_mode,loss_scope,architecture_family,selection_subset,used_internal_holdout_for_selection,config_path
v11b_complete_l27_codex_package_v2,p0_linear_seed1,,,,,1.0,,,,,,,C:\Users\EM328 Super\Desktop\caxton-new-codex\v11b_complete_l27_codex_package_v2\runs\v11b_balanced_l27\p0_linear_seed1\run_config_resolved.json
v11b_complete_l27_codex_package_v2,p0_linear_seed2,,,,,2.0,,,,,,,C:\Users\EM328 Super\Desktop\caxton-new-codex\v11b_complete_l27_codex_package_v2\runs\v11b_balanced_l27\p0_linear_seed2\run_config_resolved.json
v11b_complete_l27_codex_package_v2,p0_linear_seed3,,,,,3.0,,,,,,,C:\Users\EM328 Super\Desktop\caxton-new-codex\v11b_complete_l27_codex_package_v2\runs\v11b_balanced_l27\p0_linear_seed3\run_config_resolved.json
v11b_complete_l27_codex_package_v2,p0_mlp_seed1,,,,,1.0,,,,,,,C:\Users\EM328 Super\Desktop\caxton-new-codex\v11b_complete_l27_codex_package_v2\runs\v11b_balanced_l27\p0_mlp_seed1\run_config_resolved.json
v11b_complete_l27_codex_package_v2,p0_mlp_seed2,,,,,2.0,,,,,,,C:\Users\EM328 Super\Desktop\caxton-new-codex\v11b_complete_l27_codex_package_v2\runs\v11b_balanced_l27\p0_mlp_seed2\run_config_resolved.json
v11b_complete_l27_codex_package_v2,p0_mlp_seed3,,,,,3.0,,,,,,,C:\Users\EM328 Super\Desktop\caxton-new-codex\v11b_complete_l27_codex_package_v2\runs\v11b_balanced_l27\p0_mlp_seed3\run_config_resolved.json
v11b_complete_l27_codex_package_v2,p5_linear_seed1,,,,,1.0,,,,,,,C:\Users\EM328 Super\Desktop\caxton-new-codex\v11b_complete_l27_codex_package_v2\runs\v11b_balanced_l27\p5_linear_seed1\run_config_resolved.json
v11b_complete_l27_codex_package_v2,p5_linear_seed2,,,,,2.0,,,,,,,C:\Users\EM328 Super\Desktop\caxton-new-codex\v11b_complete_l27_codex_package_v2\runs\v11b_balanced_l27\p5_linear_seed2\run_config_resolved.json
v11b_complete_l27_codex_package_v2,p5_linear_seed3,,,,,3.0,,,,,,,C:\Users\EM328 Super\Desktop\caxton-new-codex\v11b_complete_l27_codex_package_v2\runs\v11b_balanced_l27\p5_linear_seed3\run_config_resolved.json
v11b_complete_l27_codex_package_v2,p5_mlp_seed1,,,,,1.0,,,,,,,C:\Users\EM328 Super\Desktop\caxton-new-codex\v11b_complete_l27_codex_package_v2\runs\v11b_balanced_l27\p5_mlp_seed1\run_config_resolved.json
v11b_complete_l27_codex_package_v2,p5_mlp_seed2,,,,,2.0,,,,,,,C:\Users\EM328 Super\Desktop\caxton-new-codex\v11b_complete_l27_codex_package_v2\runs\v11b_balanced_l27\p5_mlp_seed2\run_config_resolved.json
v11b_complete_l27_codex_package_v2,p5_mlp_seed3,,,,,3.0,,,,,,,C:\Users\EM328 Super\Desktop\caxton-new-codex\v11b_complete_l27_codex_package_v2\runs\v11b_balanced_l27\p5_mlp_seed3\run_config_resolved.json
v11b_complete_l27_codex_package_v2,random_linear_seed1,,,,,1.0,,,,,,,C:\Users\EM328 Super\Desktop\caxton-new-codex\v11b_complete_l27_codex_package_v2\runs\v11b_balanced_l27\random_linear_seed1\run_config_resolved.json
v11b_complete_l27_codex_package_v2,random_linear_seed2,,,,,2.0,,,,,,,C:\Users\EM328 Super\Desktop\caxton-new-codex\v11b_complete_l27_codex_package_v2\runs\v11b_balanced_l27\random_linear_seed2\run_config_resolved.json
v11b_complete_l27_codex_package_v2,random_linear_seed3,,,,,3.0,,,,,,,C:\Users\EM328 Super\Desktop\caxton-new-codex\v11b_complete_l27_codex_package_v2\runs\v11b_balanced_l27\random_linear_seed3\run_config_resolved.json
v11b_complete_l27_codex_package_v2,random_mlp_seed1,,,,,1.0,,,,,,,C:\Users\EM328 Super\Desktop\caxton-new-codex\v11b_complete_l27_codex_package_v2\runs\v11b_balanced_l27\random_mlp_seed1\run_config_resolved.json
v11b_complete_l27_codex_package_v2,random_mlp_seed2,,,,,2.0,,,,,,,C:\Users\EM328 Super\Desktop\caxton-new-codex\v11b_complete_l27_codex_package_v2\runs\v11b_balanced_l27\random_mlp_seed2\run_config_resolved.json
v11b_complete_l27_codex_package_v2,random_mlp_seed3,,,,,3.0,,,,,,,C:\Users\EM328 Super\Desktop\caxton-new-codex\v11b_complete_l27_codex_package_v2\runs\v11b_balanced_l27\random_mlp_seed3\run_config_resolved.json
v11c_v5_build,nature_finetune_tension_only_seed1,,,,,1.0,nature_source,finetune,tension_only,,id_val,False,C:\Users\EM328 Super\Desktop\caxton-new-codex\v11c_v5_build\runs\v11c_l27_internal_balanced\nature_finetune_tension_only_seed1\run_config_resolved.json
v11c_v5_build,nature_finetune_tension_only_seed2,,,,,2.0,nature_source,finetune,tension_only,,id_val,False,C:\Users\EM328 Super\Desktop\caxton-new-codex\v11c_v5_build\runs\v11c_l27_internal_balanced\nature_finetune_tension_only_seed2\run_config_resolved.json
v11c_v5_build,nature_finetune_tension_only_seed3,,,,,3.0,nature_source,finetune,tension_only,,id_val,False,C:\Users\EM328 Super\Desktop\caxton-new-codex\v11c_v5_build\runs\v11c_l27_internal_balanced\nature_finetune_tension_only_seed3\run_config_resolved.json
v11c_v5_build,nature_frozen_linear_seed1,,,,,1.0,nature_source,frozen_probe,tension_only,,id_val,False,C:\Users\EM328 Super\Desktop\caxton-new-codex\v11c_v5_build\runs\v11c_l27_internal_balanced\nature_frozen_linear_seed1\run_config_resolved.json
v11c_v5_build,nature_frozen_linear_seed2,,,,,2.0,nature_source,frozen_probe,tension_only,,id_val,False,C:\Users\EM328 Super\Desktop\caxton-new-codex\v11c_v5_build\runs\v11c_l27_internal_balanced\nature_frozen_linear_seed2\run_config_resolved.json
v11c_v5_build,nature_frozen_linear_seed3,,,,,3.0,nature_source,frozen_probe,tension_only,,id_val,False,C:\Users\EM328 Super\Desktop\caxton-new-codex\v11c_v5_build\runs\v11c_l27_internal_balanced\nature_frozen_linear_seed3\run_config_resolved.json
v11c_v5_build,nature_frozen_mlp_seed1,,,,,1.0,nature_source,frozen_probe,tension_only,,id_val,False,C:\Users\EM328 Super\Desktop\caxton-new-codex\v11c_v5_build\runs\v11c_l27_internal_balanced\nature_frozen_mlp_seed1\run_config_resolved.json
v11c_v5_build,nature_frozen_mlp_seed2,,,,,2.0,nature_source,frozen_probe,tension_only,,id_val,False,C:\Users\EM328 Super\Desktop\caxton-new-codex\v11c_v5_build\runs\v11c_l27_internal_balanced\nature_frozen_mlp_seed2\run_config_resolved.json
v11c_v5_build,nature_frozen_mlp_seed3,,,,,3.0,nature_source,frozen_probe,tension_only,,id_val,False,C:\Users\EM328 Super\Desktop\caxton-new-codex\v11c_v5_build\runs\v11c_l27_internal_balanced\nature_frozen_mlp_seed3\run_config_resolved.json
v11c_v5_build,random_frozen_linear_seed1,,,,,1.0,random,frozen_random_control,tension_only,,id_val,False,C:\Users\EM328 Super\Desktop\caxton-new-codex\v11c_v5_build\runs\v11c_l27_internal_balanced\random_frozen_linear_seed1\run_config_resolved.json
v11c_v5_build,random_frozen_linear_seed2,,,,,2.0,random,frozen_random_control,tension_only,,id_val,False,C:\Users\EM328 Super\Desktop\caxton-new-codex\v11c_v5_build\runs\v11c_l27_internal_balanced\random_frozen_linear_seed2\run_config_resolved.json
v11c_v5_build,random_frozen_linear_seed3,,,,,3.0,random,frozen_random_control,tension_only,,id_val,False,C:\Users\EM328 Super\Desktop\caxton-new-codex\v11c_v5_build\runs\v11c_l27_internal_balanced\random_frozen_linear_seed3\run_config_resolved.json
v11c_v5_build,random_frozen_mlp_seed1,,,,,1.0,random,frozen_random_control,tension_only,,id_val,False,C:\Users\EM328 Super\Desktop\caxton-new-codex\v11c_v5_build\runs\v11c_l27_internal_balanced\random_frozen_mlp_seed1\run_config_resolved.json
v11c_v5_build,random_frozen_mlp_seed2,,,,,2.0,random,frozen_random_control,tension_only,,id_val,False,C:\Users\EM328 Super\Desktop\caxton-new-codex\v11c_v5_build\runs\v11c_l27_internal_balanced\random_frozen_mlp_seed2\run_config_resolved.json
v11c_v5_build,random_frozen_mlp_seed3,,,,,3.0,random,frozen_random_control,tension_only,,id_val,False,C:\Users\EM328 Super\Desktop\caxton-new-codex\v11c_v5_build\runs\v11c_l27_internal_balanced\random_frozen_mlp_seed3\run_config_resolved.json
v11c_v5_build,scratch_four_head_seed1,,,,,1.0,scratch,train_from_scratch,four_head_sum_ce,,id_val,False,C:\Users\EM328 Super\Desktop\caxton-new-codex\v11c_v5_build\runs\v11c_l27_internal_balanced\scratch_four_head_seed1\run_config_resolved.json
v11c_v5_build,scratch_four_head_seed2,,,,,2.0,scratch,train_from_scratch,four_head_sum_ce,,id_val,False,C:\Users\EM328 Super\Desktop\caxton-new-codex\v11c_v5_build\runs\v11c_l27_internal_balanced\scratch_four_head_seed2\run_config_resolved.json
v11c_v5_build,scratch_four_head_seed3,,,,,3.0,scratch,train_from_scratch,four_head_sum_ce,,id_val,False,C:\Users\EM328 Super\Desktop\caxton-new-codex\v11c_v5_build\runs\v11c_l27_internal_balanced\scratch_four_head_seed3\run_config_resolved.json
v11c_v5_build,scratch_tension_only_seed1,,,,,1.0,scratch,train_from_scratch,tension_only,,id_val,False,C:\Users\EM328 Super\Desktop\caxton-new-codex\v11c_v5_build\runs\v11c_l27_internal_balanced\scratch_tension_only_seed1\run_config_resolved.json
v11c_v5_build,scratch_tension_only_seed2,,,,,2.0,scratch,train_from_scratch,tension_only,,id_val,False,C:\Users\EM328 Super\Desktop\caxton-new-codex\v11c_v5_build\runs\v11c_l27_internal_balanced\scratch_tension_only_seed2\run_config_resolved.json
v11c_v5_build,scratch_tension_only_seed3,,,,,3.0,scratch,train_from_scratch,tension_only,,id_val,False,C:\Users\EM328 Super\Desktop\caxton-new-codex\v11c_v5_build\runs\v11c_l27_internal_balanced\scratch_tension_only_seed3\run_config_resolved.json
v11d_0p4_scratch_four_head_build,scratch_four_head_0p4_seed1,,,,,1.0,scratch,train_from_scratch,four_head_sum_ce,,id_val,False,C:\Users\EM328 Super\Desktop\caxton-new-codex\v11d_0p4_scratch_four_head_build\runs\v11d_scratch_four_head_0p4\scratch_four_head_0p4_seed1\run_config_resolved.json
v11d_0p4_scratch_four_head_build,scratch_four_head_0p4_seed2,,,,,2.0,scratch,train_from_scratch,four_head_sum_ce,,id_val,False,C:\Users\EM328 Super\Desktop\caxton-new-codex\v11d_0p4_scratch_four_head_build\runs\v11d_scratch_four_head_0p4\scratch_four_head_0p4_seed2\run_config_resolved.json
v11d_0p4_scratch_four_head_build,scratch_four_head_0p4_seed3,,,,,3.0,scratch,train_from_scratch,four_head_sum_ce,,id_val,False,C:\Users\EM328 Super\Desktop\caxton-new-codex\v11d_0p4_scratch_four_head_build\runs\v11d_scratch_four_head_0p4\scratch_four_head_0p4_seed3\run_config_resolved.json
v11e_two_contrast_label_audit_package,scratch_four_head_include64train_seed1,,,include64_train_only,,1.0,scratch,train_from_scratch,four_head_sum_ce,,id_val,False,C:\Users\EM328 Super\Desktop\caxton-new-codex\v11e_two_contrast_label_audit_package\runs\v11e_two_contrast_label_audit\scratch_four_head_include64train_seed1\run_config_resolved.json
v11e_two_contrast_label_audit_package,scratch_four_head_include64train_seed2,,,include64_train_only,,2.0,scratch,train_from_scratch,four_head_sum_ce,,id_val,False,C:\Users\EM328 Super\Desktop\caxton-new-codex\v11e_two_contrast_label_audit_package\runs\v11e_two_contrast_label_audit\scratch_four_head_include64train_seed2\run_config_resolved.json
v11e_two_contrast_label_audit_package,scratch_four_head_include64train_seed3,,,include64_train_only,,3.0,scratch,train_from_scratch,four_head_sum_ce,,id_val,False,C:\Users\EM328 Super\Desktop\caxton-new-codex\v11e_two_contrast_label_audit_package\runs\v11e_two_contrast_label_audit\scratch_four_head_include64train_seed3\run_config_resolved.json
v11e_two_contrast_label_audit_package,scratch_four_head_quarantine64_seed1,,,quarantine64,,1.0,scratch,train_from_scratch,four_head_sum_ce,,id_val,False,C:\Users\EM328 Super\Desktop\caxton-new-codex\v11e_two_contrast_label_audit_package\runs\v11e_two_contrast_label_audit\scratch_four_head_quarantine64_seed1\run_config_resolved.json
v11e_two_contrast_label_audit_package,scratch_four_head_quarantine64_seed2,,,quarantine64,,2.0,scratch,train_from_scratch,four_head_sum_ce,,id_val,False,C:\Users\EM328 Super\Desktop\caxton-new-codex\v11e_two_contrast_label_audit_package\runs\v11e_two_contrast_label_audit\scratch_four_head_quarantine64_seed2\run_config_resolved.json
v11e_two_contrast_label_audit_package,scratch_four_head_quarantine64_seed3,,,quarantine64,,3.0,scratch,train_from_scratch,four_head_sum_ce,,id_val,False,C:\Users\EM328 Super\Desktop\caxton-new-codex\v11e_two_contrast_label_audit_package\runs\v11e_two_contrast_label_audit\scratch_four_head_quarantine64_seed3\run_config_resolved.json
v11e_two_contrast_label_audit_package,scratch_four_head_include64train_seed1,,,include64_train_only,,1.0,scratch,train_from_scratch,four_head_sum_ce,,id_val,False,C:\Users\EM328 Super\Desktop\caxton-new-codex\v11e_two_contrast_label_audit_package\v11e_handoff_results\per_run_outputs\scratch_four_head_include64train_seed1\run_config_resolved.json
v11e_two_contrast_label_audit_package,scratch_four_head_include64train_seed2,,,include64_train_only,,2.0,scratch,train_from_scratch,four_head_sum_ce,,id_val,False,C:\Users\EM328 Super\Desktop\caxton-new-codex\v11e_two_contrast_label_audit_package\v11e_handoff_results\per_run_outputs\scratch_four_head_include64train_seed2\run_config_resolved.json
v11e_two_contrast_label_audit_package,scratch_four_head_include64train_seed3,,,include64_train_only,,3.0,scratch,train_from_scratch,four_head_sum_ce,,id_val,False,C:\Users\EM328 Super\Desktop\caxton-new-codex\v11e_two_contrast_label_audit_package\v11e_handoff_results\per_run_outputs\scratch_four_head_include64train_seed3\run_config_resolved.json
v11e_two_contrast_label_audit_package,scratch_four_head_quarantine64_seed1,,,quarantine64,,1.0,scratch,train_from_scratch,four_head_sum_ce,,id_val,False,C:\Users\EM328 Super\Desktop\caxton-new-codex\v11e_two_contrast_label_audit_package\v11e_handoff_results\per_run_outputs\scratch_four_head_quarantine64_seed1\run_config_resolved.json
v11e_two_contrast_label_audit_package,scratch_four_head_quarantine64_seed2,,,quarantine64,,2.0,scratch,train_from_scratch,four_head_sum_ce,,id_val,False,C:\Users\EM328 Super\Desktop\caxton-new-codex\v11e_two_contrast_label_audit_package\v11e_handoff_results\per_run_outputs\scratch_four_head_quarantine64_seed2\run_config_resolved.json
v11e_two_contrast_label_audit_package,scratch_four_head_quarantine64_seed3,,,quarantine64,,3.0,scratch,train_from_scratch,four_head_sum_ce,,id_val,False,C:\Users\EM328 Super\Desktop\caxton-new-codex\v11e_two_contrast_label_audit_package\v11e_handoff_results\per_run_outputs\scratch_four_head_quarantine64_seed3\run_config_resolved.json
v11f_mobilenet_teacher_distill_64audit_package,mobilenetv3small_scratch_include64train_seed1,,,include64_train_only,,1.0,scratch_or_teacher_distill,train_from_scratch,four_head_sum_ce,mobilenetv3_small_tcn_hadamard_four_head,id_val,False,C:\Users\EM328 Super\Desktop\caxton-new-codex\v11f_mobilenet_teacher_distill_64audit_package\runs\v11f_mobilenet_teacher_distill_64audit\mobilenetv3small_scratch_include64train_seed1\run_config_resolved.json
v11f_mobilenet_teacher_distill_64audit_package,mobilenetv3small_scratch_quarantine64_seed1,,,quarantine64,,1.0,scratch_or_teacher_distill,train_from_scratch,four_head_sum_ce,mobilenetv3_small_tcn_hadamard_four_head,id_val,False,C:\Users\EM328 Super\Desktop\caxton-new-codex\v11f_mobilenet_teacher_distill_64audit_package\runs\v11f_mobilenet_teacher_distill_64audit\mobilenetv3small_scratch_quarantine64_seed1\run_config_resolved.json
v11f_mobilenet_teacher_distill_64audit_package,mobilenetv3small_teacherdistill_include64train_seed1,,,include64_train_only,,1.0,scratch_or_teacher_distill,train_with_frozen_teacher_distillation,four_head_ce_sum_plus_teacher_kl,mobilenetv3_small_tcn_hadamard_four_head,id_val,False,C:\Users\EM328 Super\Desktop\caxton-new-codex\v11f_mobilenet_teacher_distill_64audit_package\runs\v11f_mobilenet_teacher_distill_64audit\mobilenetv3small_teacherdistill_include64train_seed1\run_config_resolved.json
v11f_mobilenet_teacher_distill_64audit_package,mobilenetv3small_teacherdistill_quarantine64_seed1,,,quarantine64,,1.0,scratch_or_teacher_distill,train_with_frozen_teacher_distillation,four_head_ce_sum_plus_teacher_kl,mobilenetv3_small_tcn_hadamard_four_head,id_val,False,C:\Users\EM328 Super\Desktop\caxton-new-codex\v11f_mobilenet_teacher_distill_64audit_package\runs\v11f_mobilenet_teacher_distill_64audit\mobilenetv3small_teacherdistill_quarantine64_seed1\run_config_resolved.json
v11f_transfer_64audit_package,mobilenetv3small_imagenet_include64train_seed1,,,include64_train_only,,1.0,scratch_or_imagenet,train_from_scratch,four_head_sum_ce,mobilenetv3_small_tcn_hadamard_four_head,id_val,False,C:\Users\EM328 Super\Desktop\caxton-new-codex\v11f_transfer_64audit_package\runs\v11f_mobilenet_transfer_64audit\mobilenetv3small_imagenet_include64train_seed1\run_config_resolved.json
v11f_transfer_64audit_package,mobilenetv3small_imagenet_quarantine64_seed1,,,quarantine64,,1.0,scratch_or_imagenet,train_from_scratch,four_head_sum_ce,mobilenetv3_small_tcn_hadamard_four_head,id_val,False,C:\Users\EM328 Super\Desktop\caxton-new-codex\v11f_transfer_64audit_package\runs\v11f_mobilenet_transfer_64audit\mobilenetv3small_imagenet_quarantine64_seed1\run_config_resolved.json
v11f_transfer_64audit_package,mobilenetv3small_scratch_include64train_seed1,,,include64_train_only,,1.0,scratch_or_imagenet,train_from_scratch,four_head_sum_ce,mobilenetv3_small_tcn_hadamard_four_head,id_val,False,C:\Users\EM328 Super\Desktop\caxton-new-codex\v11f_transfer_64audit_package\runs\v11f_mobilenet_transfer_64audit\mobilenetv3small_scratch_include64train_seed1\run_config_resolved.json
v11f_transfer_64audit_package,mobilenetv3small_scratch_quarantine64_seed1,,,quarantine64,,1.0,scratch_or_imagenet,train_from_scratch,four_head_sum_ce,mobilenetv3_small_tcn_hadamard_four_head,id_val,False,C:\Users\EM328 Super\Desktop\caxton-new-codex\v11f_transfer_64audit_package\runs\v11f_mobilenet_transfer_64audit\mobilenetv3small_scratch_quarantine64_seed1\run_config_resolved.json
v11g_loss_followup_package,v11g_mobilenetv3small_printbalancedce_include64train_seed1,,,include64_train_only,,1.0,loss_followup,train_with_print_balanced_tension_ce,speed_flow_temp_ce_plus_print_balanced_tension_ce,mobilenetv3_small_tcn_hadamard_four_head,id_val,False,C:\Users\EM328 Super\Desktop\caxton-new-codex\v11g_loss_followup_package\runs\v11g_loss_followup\v11g_mobilenetv3small_printbalancedce_include64train_seed1\run_config_resolved.json
v11g_loss_followup_package,v11g_mobilenetv3small_tensiononlydistill_include64train_seed1,,,include64_train_only,,1.0,loss_followup,train_with_tension_only_teacher_distillation,four_head_ce_sum_plus_tension_only_teacher_kl,mobilenetv3_small_tcn_hadamard_four_head,id_val,False,C:\Users\EM328 Super\Desktop\caxton-new-codex\v11g_loss_followup_package\runs\v11g_loss_followup\v11g_mobilenetv3small_tensiononlydistill_include64train_seed1\run_config_resolved.json
v12_fusion_comparison_package,v12_concat_128_scratch_include64train_seed1,concat_128,scratch,include64_train_only,stage_1a,1.0,v12_fusion_comparison,train_from_scratch_or_caxton_dkd_warmup,four_head_sum_ce,mobilenetv3_small_tcn_multifusion_four_head,id_val,False,C:\Users\EM328 Super\Desktop\caxton-new-codex\v12_fusion_comparison_package\runs\v12_fusion_comparison\v12_concat_128_scratch_include64train_seed1\run_config_resolved.json
v12_fusion_comparison_package,v12_concat_128_scratch_include64train_seed2,concat_128,scratch,include64_train_only,stage_1a,2.0,v12_fusion_comparison,train_from_scratch_or_caxton_dkd_warmup,four_head_sum_ce,mobilenetv3_small_tcn_multifusion_four_head,id_val,False,C:\Users\EM328 Super\Desktop\caxton-new-codex\v12_fusion_comparison_package\runs\v12_fusion_comparison\v12_concat_128_scratch_include64train_seed2\run_config_resolved.json
v12_fusion_comparison_package,v12_concat_128_scratch_include64train_seed3,concat_128,scratch,include64_train_only,stage_1a,3.0,v12_fusion_comparison,train_from_scratch_or_caxton_dkd_warmup,four_head_sum_ce,mobilenetv3_small_tcn_multifusion_four_head,id_val,False,C:\Users\EM328 Super\Desktop\caxton-new-codex\v12_fusion_comparison_package\runs\v12_fusion_comparison\v12_concat_128_scratch_include64train_seed3\run_config_resolved.json
v12_fusion_comparison_package,v12_concat_256_scratch_include64train_seed1,concat_256,scratch,include64_train_only,stage_1a,1.0,v12_fusion_comparison,train_from_scratch_or_caxton_dkd_warmup,four_head_sum_ce,mobilenetv3_small_tcn_multifusion_four_head,id_val,False,C:\Users\EM328 Super\Desktop\caxton-new-codex\v12_fusion_comparison_package\runs\v12_fusion_comparison\v12_concat_256_scratch_include64train_seed1\run_config_resolved.json
v12_fusion_comparison_package,v12_concat_256_scratch_include64train_seed2,concat_256,scratch,include64_train_only,stage_1a,2.0,v12_fusion_comparison,train_from_scratch_or_caxton_dkd_warmup,four_head_sum_ce,mobilenetv3_small_tcn_multifusion_four_head,id_val,False,C:\Users\EM328 Super\Desktop\caxton-new-codex\v12_fusion_comparison_package\runs\v12_fusion_comparison\v12_concat_256_scratch_include64train_seed2\run_config_resolved.json
v12_fusion_comparison_package,v12_concat_256_scratch_include64train_seed3,concat_256,scratch,include64_train_only,stage_1a,3.0,v12_fusion_comparison,train_from_scratch_or_caxton_dkd_warmup,four_head_sum_ce,mobilenetv3_small_tcn_multifusion_four_head,id_val,False,C:\Users\EM328 Super\Desktop\caxton-new-codex\v12_fusion_comparison_package\runs\v12_fusion_comparison\v12_concat_256_scratch_include64train_seed3\run_config_resolved.json
v12_fusion_comparison_package,v12_film_scratch_include64train_seed1,film,scratch,include64_train_only,stage_1a,1.0,v12_fusion_comparison,train_from_scratch_or_caxton_dkd_warmup,four_head_sum_ce,mobilenetv3_small_tcn_multifusion_four_head,id_val,False,C:\Users\EM328 Super\Desktop\caxton-new-codex\v12_fusion_comparison_package\runs\v12_fusion_comparison\v12_film_scratch_include64train_seed1\run_config_resolved.json
v12_fusion_comparison_package,v12_film_scratch_include64train_seed2,film,scratch,include64_train_only,stage_1a,2.0,v12_fusion_comparison,train_from_scratch_or_caxton_dkd_warmup,four_head_sum_ce,mobilenetv3_small_tcn_multifusion_four_head,id_val,False,C:\Users\EM328 Super\Desktop\caxton-new-codex\v12_fusion_comparison_package\runs\v12_fusion_comparison\v12_film_scratch_include64train_seed2\run_config_resolved.json
v12_fusion_comparison_package,v12_film_scratch_include64train_seed3,film,scratch,include64_train_only,stage_1a,3.0,v12_fusion_comparison,train_from_scratch_or_caxton_dkd_warmup,four_head_sum_ce,mobilenetv3_small_tcn_multifusion_four_head,id_val,False,C:\Users\EM328 Super\Desktop\caxton-new-codex\v12_fusion_comparison_package\runs\v12_fusion_comparison\v12_film_scratch_include64train_seed3\run_config_resolved.json
v12_fusion_comparison_package,v12_gmu_caxton_dkd_warmup_include64train_seed1,gmu,caxton_dkd_warmup,include64_train_only,stage_1b,1.0,v12_fusion_comparison,train_from_scratch_or_caxton_dkd_warmup,four_head_sum_ce,mobilenetv3_small_tcn_multifusion_four_head,id_val,False,C:\Users\EM328 Super\Desktop\caxton-new-codex\v12_fusion_comparison_package\runs\v12_fusion_comparison\v12_gmu_caxton_dkd_warmup_include64train_seed1\run_config_resolved.json
v12_fusion_comparison_package,v12_gmu_caxton_dkd_warmup_include64train_seed2,gmu,caxton_dkd_warmup,include64_train_only,stage_1b,2.0,v12_fusion_comparison,train_from_scratch_or_caxton_dkd_warmup,four_head_sum_ce,mobilenetv3_small_tcn_multifusion_four_head,id_val,False,C:\Users\EM328 Super\Desktop\caxton-new-codex\v12_fusion_comparison_package\runs\v12_fusion_comparison\v12_gmu_caxton_dkd_warmup_include64train_seed2\run_config_resolved.json
v12_fusion_comparison_package,v12_gmu_caxton_dkd_warmup_include64train_seed3,gmu,caxton_dkd_warmup,include64_train_only,stage_1b,3.0,v12_fusion_comparison,train_from_scratch_or_caxton_dkd_warmup,four_head_sum_ce,mobilenetv3_small_tcn_multifusion_four_head,id_val,False,C:\Users\EM328 Super\Desktop\caxton-new-codex\v12_fusion_comparison_package\runs\v12_fusion_comparison\v12_gmu_caxton_dkd_warmup_include64train_seed3\run_config_resolved.json
v12_fusion_comparison_package,v12_gmu_scratch_include64train_seed1,gmu,scratch,include64_train_only,stage_1a,1.0,v12_fusion_comparison,train_from_scratch_or_caxton_dkd_warmup,four_head_sum_ce,mobilenetv3_small_tcn_multifusion_four_head,id_val,False,C:\Users\EM328 Super\Desktop\caxton-new-codex\v12_fusion_comparison_package\runs\v12_fusion_comparison\v12_gmu_scratch_include64train_seed1\run_config_resolved.json
v12_fusion_comparison_package,v12_gmu_scratch_include64train_seed2,gmu,scratch,include64_train_only,stage_1a,2.0,v12_fusion_comparison,train_from_scratch_or_caxton_dkd_warmup,four_head_sum_ce,mobilenetv3_small_tcn_multifusion_four_head,id_val,False,C:\Users\EM328 Super\Desktop\caxton-new-codex\v12_fusion_comparison_package\runs\v12_fusion_comparison\v12_gmu_scratch_include64train_seed2\run_config_resolved.json
v12_fusion_comparison_package,v12_gmu_scratch_include64train_seed3,gmu,scratch,include64_train_only,stage_1a,3.0,v12_fusion_comparison,train_from_scratch_or_caxton_dkd_warmup,four_head_sum_ce,mobilenetv3_small_tcn_multifusion_four_head,id_val,False,C:\Users\EM328 Super\Desktop\caxton-new-codex\v12_fusion_comparison_package\runs\v12_fusion_comparison\v12_gmu_scratch_include64train_seed3\run_config_resolved.json
v12_fusion_comparison_package,v12_hadamard_scratch_include64train_seed1,hadamard,scratch,include64_train_only,stage_1a,1.0,v12_fusion_comparison,train_from_scratch_or_caxton_dkd_warmup,four_head_sum_ce,mobilenetv3_small_tcn_multifusion_four_head,id_val,False,C:\Users\EM328 Super\Desktop\caxton-new-codex\v12_fusion_comparison_package\runs\v12_fusion_comparison\v12_hadamard_scratch_include64train_seed1\run_config_resolved.json
v12_fusion_comparison_package,v12_hadamard_scratch_include64train_seed2,hadamard,scratch,include64_train_only,stage_1a,2.0,v12_fusion_comparison,train_from_scratch_or_caxton_dkd_warmup,four_head_sum_ce,mobilenetv3_small_tcn_multifusion_four_head,id_val,False,C:\Users\EM328 Super\Desktop\caxton-new-codex\v12_fusion_comparison_package\runs\v12_fusion_comparison\v12_hadamard_scratch_include64train_seed2\run_config_resolved.json
v12_fusion_comparison_package,v12_hadamard_scratch_include64train_seed3,hadamard,scratch,include64_train_only,stage_1a,3.0,v12_fusion_comparison,train_from_scratch_or_caxton_dkd_warmup,four_head_sum_ce,mobilenetv3_small_tcn_multifusion_four_head,id_val,False,C:\Users\EM328 Super\Desktop\caxton-new-codex\v12_fusion_comparison_package\runs\v12_fusion_comparison\v12_hadamard_scratch_include64train_seed3\run_config_resolved.json
v12_fusion_comparison_package,v12_sum_caxton_dkd_warmup_include64train_seed1,sum,caxton_dkd_warmup,include64_train_only,stage_1b,1.0,v12_fusion_comparison,train_from_scratch_or_caxton_dkd_warmup,four_head_sum_ce,mobilenetv3_small_tcn_multifusion_four_head,id_val,False,C:\Users\EM328 Super\Desktop\caxton-new-codex\v12_fusion_comparison_package\runs\v12_fusion_comparison\v12_sum_caxton_dkd_warmup_include64train_seed1\run_config_resolved.json
v12_fusion_comparison_package,v12_sum_caxton_dkd_warmup_include64train_seed2,sum,caxton_dkd_warmup,include64_train_only,stage_1b,2.0,v12_fusion_comparison,train_from_scratch_or_caxton_dkd_warmup,four_head_sum_ce,mobilenetv3_small_tcn_multifusion_four_head,id_val,False,C:\Users\EM328 Super\Desktop\caxton-new-codex\v12_fusion_comparison_package\runs\v12_fusion_comparison\v12_sum_caxton_dkd_warmup_include64train_seed2\run_config_resolved.json
v12_fusion_comparison_package,v12_sum_caxton_dkd_warmup_include64train_seed3,sum,caxton_dkd_warmup,include64_train_only,stage_1b,3.0,v12_fusion_comparison,train_from_scratch_or_caxton_dkd_warmup,four_head_sum_ce,mobilenetv3_small_tcn_multifusion_four_head,id_val,False,C:\Users\EM328 Super\Desktop\caxton-new-codex\v12_fusion_comparison_package\runs\v12_fusion_comparison\v12_sum_caxton_dkd_warmup_include64train_seed3\run_config_resolved.json
v12_fusion_comparison_package,v12_sum_scratch_include64train_seed1,sum,scratch,include64_train_only,stage_1a,1.0,v12_fusion_comparison,train_from_scratch_or_caxton_dkd_warmup,four_head_sum_ce,mobilenetv3_small_tcn_multifusion_four_head,id_val,False,C:\Users\EM328 Super\Desktop\caxton-new-codex\v12_fusion_comparison_package\runs\v12_fusion_comparison\v12_sum_scratch_include64train_seed1\run_config_resolved.json
v12_fusion_comparison_package,v12_sum_scratch_include64train_seed2,sum,scratch,include64_train_only,stage_1a,2.0,v12_fusion_comparison,train_from_scratch_or_caxton_dkd_warmup,four_head_sum_ce,mobilenetv3_small_tcn_multifusion_four_head,id_val,False,C:\Users\EM328 Super\Desktop\caxton-new-codex\v12_fusion_comparison_package\runs\v12_fusion_comparison\v12_sum_scratch_include64train_seed2\run_config_resolved.json
v12_fusion_comparison_package,v12_sum_scratch_include64train_seed3,sum,scratch,include64_train_only,stage_1a,3.0,v12_fusion_comparison,train_from_scratch_or_caxton_dkd_warmup,four_head_sum_ce,mobilenetv3_small_tcn_multifusion_four_head,id_val,False,C:\Users\EM328 Super\Desktop\caxton-new-codex\v12_fusion_comparison_package\runs\v12_fusion_comparison\v12_sum_scratch_include64train_seed3\run_config_resolved.json
v13_moco_fusion_package,v13_gmu_moco_pretrained_include64train_seed1,gmu,moco_pretrained,include64_train_only,stage_b,1.0,v13_moco_fusion,train_from_scratch_or_moco_pretrained,four_head_sum_ce,mobilenetv3_small_tcn_multifusion_four_head,id_val,False,C:\Users\EM328 Super\Desktop\caxton-new-codex\v13_moco_fusion_package\runs\v13_moco_fusion\v13_gmu_moco_pretrained_include64train_seed1\run_config_resolved.json
v13_moco_fusion_package,v13_gmu_moco_pretrained_include64train_seed2,gmu,moco_pretrained,include64_train_only,stage_b,2.0,v13_moco_fusion,train_from_scratch_or_moco_pretrained,four_head_sum_ce,mobilenetv3_small_tcn_multifusion_four_head,id_val,False,C:\Users\EM328 Super\Desktop\caxton-new-codex\v13_moco_fusion_package\runs\v13_moco_fusion\v13_gmu_moco_pretrained_include64train_seed2\run_config_resolved.json
v13_moco_fusion_package,v13_gmu_moco_pretrained_include64train_seed3,gmu,moco_pretrained,include64_train_only,stage_b,3.0,v13_moco_fusion,train_from_scratch_or_moco_pretrained,four_head_sum_ce,mobilenetv3_small_tcn_multifusion_four_head,id_val,False,C:\Users\EM328 Super\Desktop\caxton-new-codex\v13_moco_fusion_package\runs\v13_moco_fusion\v13_gmu_moco_pretrained_include64train_seed3\run_config_resolved.json
v13_moco_fusion_package,v13_gmu_moco_pretrained_include64train_seed4,gmu,moco_pretrained,include64_train_only,stage_b,4.0,v13_moco_fusion,train_from_scratch_or_moco_pretrained,four_head_sum_ce,mobilenetv3_small_tcn_multifusion_four_head,id_val,False,C:\Users\EM328 Super\Desktop\caxton-new-codex\v13_moco_fusion_package\runs\v13_moco_fusion\v13_gmu_moco_pretrained_include64train_seed4\run_config_resolved.json
v13_moco_fusion_package,v13_gmu_moco_pretrained_include64train_seed5,gmu,moco_pretrained,include64_train_only,stage_b,5.0,v13_moco_fusion,train_from_scratch_or_moco_pretrained,four_head_sum_ce,mobilenetv3_small_tcn_multifusion_four_head,id_val,False,C:\Users\EM328 Super\Desktop\caxton-new-codex\v13_moco_fusion_package\runs\v13_moco_fusion\v13_gmu_moco_pretrained_include64train_seed5\run_config_resolved.json
v13_moco_fusion_package,v13_gmu_scratch_include64train_seed1,gmu,scratch,include64_train_only,stage_a,1.0,v13_moco_fusion,train_from_scratch_or_moco_pretrained,four_head_sum_ce,mobilenetv3_small_tcn_multifusion_four_head,id_val,False,C:\Users\EM328 Super\Desktop\caxton-new-codex\v13_moco_fusion_package\runs\v13_moco_fusion\v13_gmu_scratch_include64train_seed1\run_config_resolved.json
v13_moco_fusion_package,v13_gmu_scratch_include64train_seed2,gmu,scratch,include64_train_only,stage_a,2.0,v13_moco_fusion,train_from_scratch_or_moco_pretrained,four_head_sum_ce,mobilenetv3_small_tcn_multifusion_four_head,id_val,False,C:\Users\EM328 Super\Desktop\caxton-new-codex\v13_moco_fusion_package\runs\v13_moco_fusion\v13_gmu_scratch_include64train_seed2\run_config_resolved.json
v13_moco_fusion_package,v13_gmu_scratch_include64train_seed3,gmu,scratch,include64_train_only,stage_a,3.0,v13_moco_fusion,train_from_scratch_or_moco_pretrained,four_head_sum_ce,mobilenetv3_small_tcn_multifusion_four_head,id_val,False,C:\Users\EM328 Super\Desktop\caxton-new-codex\v13_moco_fusion_package\runs\v13_moco_fusion\v13_gmu_scratch_include64train_seed3\run_config_resolved.json
v13_moco_fusion_package,v13_gmu_scratch_include64train_seed4,gmu,scratch,include64_train_only,stage_a,4.0,v13_moco_fusion,train_from_scratch_or_moco_pretrained,four_head_sum_ce,mobilenetv3_small_tcn_multifusion_four_head,id_val,False,C:\Users\EM328 Super\Desktop\caxton-new-codex\v13_moco_fusion_package\runs\v13_moco_fusion\v13_gmu_scratch_include64train_seed4\run_config_resolved.json
v13_moco_fusion_package,v13_gmu_scratch_include64train_seed5,gmu,scratch,include64_train_only,stage_a,5.0,v13_moco_fusion,train_from_scratch_or_moco_pretrained,four_head_sum_ce,mobilenetv3_small_tcn_multifusion_four_head,id_val,False,C:\Users\EM328 Super\Desktop\caxton-new-codex\v13_moco_fusion_package\runs\v13_moco_fusion\v13_gmu_scratch_include64train_seed5\run_config_resolved.json
v13_moco_fusion_package,v13_sum_moco_pretrained_include64train_seed1,sum,moco_pretrained,include64_train_only,stage_b,1.0,v13_moco_fusion,train_from_scratch_or_moco_pretrained,four_head_sum_ce,mobilenetv3_small_tcn_multifusion_four_head,id_val,False,C:\Users\EM328 Super\Desktop\caxton-new-codex\v13_moco_fusion_package\runs\v13_moco_fusion\v13_sum_moco_pretrained_include64train_seed1\run_config_resolved.json
v13_moco_fusion_package,v13_sum_moco_pretrained_include64train_seed2,sum,moco_pretrained,include64_train_only,stage_b,2.0,v13_moco_fusion,train_from_scratch_or_moco_pretrained,four_head_sum_ce,mobilenetv3_small_tcn_multifusion_four_head,id_val,False,C:\Users\EM328 Super\Desktop\caxton-new-codex\v13_moco_fusion_package\runs\v13_moco_fusion\v13_sum_moco_pretrained_include64train_seed2\run_config_resolved.json
v13_moco_fusion_package,v13_sum_moco_pretrained_include64train_seed3,sum,moco_pretrained,include64_train_only,stage_b,3.0,v13_moco_fusion,train_from_scratch_or_moco_pretrained,four_head_sum_ce,mobilenetv3_small_tcn_multifusion_four_head,id_val,False,C:\Users\EM328 Super\Desktop\caxton-new-codex\v13_moco_fusion_package\runs\v13_moco_fusion\v13_sum_moco_pretrained_include64train_seed3\run_config_resolved.json
v13_moco_fusion_package,v13_sum_moco_pretrained_include64train_seed4,sum,moco_pretrained,include64_train_only,stage_b,4.0,v13_moco_fusion,train_from_scratch_or_moco_pretrained,four_head_sum_ce,mobilenetv3_small_tcn_multifusion_four_head,id_val,False,C:\Users\EM328 Super\Desktop\caxton-new-codex\v13_moco_fusion_package\runs\v13_moco_fusion\v13_sum_moco_pretrained_include64train_seed4\run_config_resolved.json
v13_moco_fusion_package,v13_sum_moco_pretrained_include64train_seed5,sum,moco_pretrained,include64_train_only,stage_b,5.0,v13_moco_fusion,train_from_scratch_or_moco_pretrained,four_head_sum_ce,mobilenetv3_small_tcn_multifusion_four_head,id_val,False,C:\Users\EM328 Super\Desktop\caxton-new-codex\v13_moco_fusion_package\runs\v13_moco_fusion\v13_sum_moco_pretrained_include64train_seed5\run_config_resolved.json
v13_moco_fusion_package,v13_sum_scratch_include64train_seed1,sum,scratch,include64_train_only,stage_a,1.0,v13_moco_fusion,train_from_scratch_or_moco_pretrained,four_head_sum_ce,mobilenetv3_small_tcn_multifusion_four_head,id_val,False,C:\Users\EM328 Super\Desktop\caxton-new-codex\v13_moco_fusion_package\runs\v13_moco_fusion\v13_sum_scratch_include64train_seed1\run_config_resolved.json
v13_moco_fusion_package,v13_sum_scratch_include64train_seed2,sum,scratch,include64_train_only,stage_a,2.0,v13_moco_fusion,train_from_scratch_or_moco_pretrained,four_head_sum_ce,mobilenetv3_small_tcn_multifusion_four_head,id_val,False,C:\Users\EM328 Super\Desktop\caxton-new-codex\v13_moco_fusion_package\runs\v13_moco_fusion\v13_sum_scratch_include64train_seed2\run_config_resolved.json
v13_moco_fusion_package,v13_sum_scratch_include64train_seed3,sum,scratch,include64_train_only,stage_a,3.0,v13_moco_fusion,train_from_scratch_or_moco_pretrained,four_head_sum_ce,mobilenetv3_small_tcn_multifusion_four_head,id_val,False,C:\Users\EM328 Super\Desktop\caxton-new-codex\v13_moco_fusion_package\runs\v13_moco_fusion\v13_sum_scratch_include64train_seed3\run_config_resolved.json
v13_moco_fusion_package,v13_sum_scratch_include64train_seed4,sum,scratch,include64_train_only,stage_a,4.0,v13_moco_fusion,train_from_scratch_or_moco_pretrained,four_head_sum_ce,mobilenetv3_small_tcn_multifusion_four_head,id_val,False,C:\Users\EM328 Super\Desktop\caxton-new-codex\v13_moco_fusion_package\runs\v13_moco_fusion\v13_sum_scratch_include64train_seed4\run_config_resolved.json
v13_moco_fusion_package,v13_sum_scratch_include64train_seed5,sum,scratch,include64_train_only,stage_a,5.0,v13_moco_fusion,train_from_scratch_or_moco_pretrained,four_head_sum_ce,mobilenetv3_small_tcn_multifusion_four_head,id_val,False,C:\Users\EM328 Super\Desktop\caxton-new-codex\v13_moco_fusion_package\runs\v13_moco_fusion\v13_sum_scratch_include64train_seed5\run_config_resolved.json
v13c_domain_adversarial_package,v13c_gmu_moco_pretrained_seed1,gmu,moco_pretrained,include64_train_only,,1.0,,,,mobilenetv3_small_tcn_gmu_domain_adversarial_four_head,id_val,False,C:\Users\EM328 Super\Desktop\caxton-new-codex\v13c_domain_adversarial_package\runs\v13c_domain_adv\v13c_gmu_moco_pretrained_seed1\run_config_resolved.json
v13c_domain_adversarial_package,v13c_gmu_moco_pretrained_seed2,gmu,moco_pretrained,include64_train_only,,2.0,,,,mobilenetv3_small_tcn_gmu_domain_adversarial_four_head,id_val,False,C:\Users\EM328 Super\Desktop\caxton-new-codex\v13c_domain_adversarial_package\runs\v13c_domain_adv\v13c_gmu_moco_pretrained_seed2\run_config_resolved.json
v13c_domain_adversarial_package,v13c_gmu_moco_pretrained_seed3,gmu,moco_pretrained,include64_train_only,,3.0,,,,mobilenetv3_small_tcn_gmu_domain_adversarial_four_head,id_val,False,C:\Users\EM328 Super\Desktop\caxton-new-codex\v13c_domain_adversarial_package\runs\v13c_domain_adv\v13c_gmu_moco_pretrained_seed3\run_config_resolved.json
v13d_clean_data_package,v13d_gmu_moco_pretrained_include64train_seed1,gmu,moco_pretrained,include64_train_only,stage_a,1.0,v13_moco_fusion,train_from_scratch_or_moco_pretrained,four_head_sum_ce,mobilenetv3_small_tcn_multifusion_four_head,id_val,False,C:\Users\EM328 Super\Desktop\caxton-new-codex\v13d_clean_data_package\runs\v13d_clean_data\v13d_gmu_moco_pretrained_include64train_seed1\run_config_resolved.json
v13d_clean_data_package,v13d_gmu_moco_pretrained_include64train_seed2,gmu,moco_pretrained,include64_train_only,stage_a,2.0,v13_moco_fusion,train_from_scratch_or_moco_pretrained,four_head_sum_ce,mobilenetv3_small_tcn_multifusion_four_head,id_val,False,C:\Users\EM328 Super\Desktop\caxton-new-codex\v13d_clean_data_package\runs\v13d_clean_data\v13d_gmu_moco_pretrained_include64train_seed2\run_config_resolved.json
v13d_clean_data_package,v13d_gmu_moco_pretrained_include64train_seed3,gmu,moco_pretrained,include64_train_only,stage_a,3.0,v13_moco_fusion,train_from_scratch_or_moco_pretrained,four_head_sum_ce,mobilenetv3_small_tcn_multifusion_four_head,id_val,False,C:\Users\EM328 Super\Desktop\caxton-new-codex\v13d_clean_data_package\runs\v13d_clean_data\v13d_gmu_moco_pretrained_include64train_seed3\run_config_resolved.json
v14_seqnorm_flowimage_package,v14_aonly_moco_pretrained_seed1,aonly,moco_pretrained,include64_train_only,stage_a,1.0,v13_moco_fusion,train_from_scratch_or_moco_pretrained,four_head_sum_ce,mobilenetv3_small_tcn_multifusion_four_head,id_val,False,C:\Users\EM328 Super\Desktop\caxton-new-codex\v14_seqnorm_flowimage_package\runs\v14_results\v14_aonly_moco_pretrained_seed1\run_config_resolved.json
v14_seqnorm_flowimage_package,v14_aonly_moco_pretrained_seed2,aonly,moco_pretrained,include64_train_only,stage_a,2.0,v13_moco_fusion,train_from_scratch_or_moco_pretrained,four_head_sum_ce,mobilenetv3_small_tcn_multifusion_four_head,id_val,False,C:\Users\EM328 Super\Desktop\caxton-new-codex\v14_seqnorm_flowimage_package\runs\v14_results\v14_aonly_moco_pretrained_seed2\run_config_resolved.json
v14_seqnorm_flowimage_package,v14_aonly_moco_pretrained_seed3,aonly,moco_pretrained,include64_train_only,stage_a,3.0,v13_moco_fusion,train_from_scratch_or_moco_pretrained,four_head_sum_ce,mobilenetv3_small_tcn_multifusion_four_head,id_val,False,C:\Users\EM328 Super\Desktop\caxton-new-codex\v14_seqnorm_flowimage_package\runs\v14_results\v14_aonly_moco_pretrained_seed3\run_config_resolved.json
v14_seqnorm_flowimage_package,v14_conly_moco_pretrained_seed1,conly,moco_pretrained,include64_train_only,stage_a,1.0,v13_moco_fusion,train_from_scratch_or_moco_pretrained,four_head_sum_ce,mobilenetv3_small_tcn_multifusion_four_head,id_val,False,C:\Users\EM328 Super\Desktop\caxton-new-codex\v14_seqnorm_flowimage_package\runs\v14_results\v14_conly_moco_pretrained_seed1\run_config_resolved.json
v14_seqnorm_flowimage_package,v14_conly_moco_pretrained_seed2,conly,moco_pretrained,include64_train_only,stage_a,2.0,v13_moco_fusion,train_from_scratch_or_moco_pretrained,four_head_sum_ce,mobilenetv3_small_tcn_multifusion_four_head,id_val,False,C:\Users\EM328 Super\Desktop\caxton-new-codex\v14_seqnorm_flowimage_package\runs\v14_results\v14_conly_moco_pretrained_seed2\run_config_resolved.json
v14_seqnorm_flowimage_package,v14_conly_moco_pretrained_seed3,conly,moco_pretrained,include64_train_only,stage_a,3.0,v13_moco_fusion,train_from_scratch_or_moco_pretrained,four_head_sum_ce,mobilenetv3_small_tcn_multifusion_four_head,id_val,False,C:\Users\EM328 Super\Desktop\caxton-new-codex\v14_seqnorm_flowimage_package\runs\v14_results\v14_conly_moco_pretrained_seed3\run_config_resolved.json
v14_seqnorm_flowimage_package,v14_gmu_moco_pretrained_include64train_seed1,gmu,moco_pretrained,include64_train_only,stage_a,1.0,v13_moco_fusion,train_from_scratch_or_moco_pretrained,four_head_sum_ce,mobilenetv3_small_tcn_multifusion_four_head,id_val,False,C:\Users\EM328 Super\Desktop\caxton-new-codex\v14_seqnorm_flowimage_package\runs\v14_results\v14_gmu_moco_pretrained_include64train_seed1\run_config_resolved.json
v14_seqnorm_flowimage_package,v14_gmu_moco_pretrained_include64train_seed2,gmu,moco_pretrained,include64_train_only,stage_a,2.0,v13_moco_fusion,train_from_scratch_or_moco_pretrained,four_head_sum_ce,mobilenetv3_small_tcn_multifusion_four_head,id_val,False,C:\Users\EM328 Super\Desktop\caxton-new-codex\v14_seqnorm_flowimage_package\runs\v14_results\v14_gmu_moco_pretrained_include64train_seed2\run_config_resolved.json
v14_seqnorm_flowimage_package,v14_gmu_moco_pretrained_include64train_seed3,gmu,moco_pretrained,include64_train_only,stage_a,3.0,v13_moco_fusion,train_from_scratch_or_moco_pretrained,four_head_sum_ce,mobilenetv3_small_tcn_multifusion_four_head,id_val,False,C:\Users\EM328 Super\Desktop\caxton-new-codex\v14_seqnorm_flowimage_package\runs\v14_results\v14_gmu_moco_pretrained_include64train_seed3\run_config_resolved.json
v14_seqnorm_flowimage_package,v14_imgonly_moco_pretrained_seed1,imgonly,moco_pretrained,include64_train_only,stage_a,1.0,v13_moco_fusion,train_from_scratch_or_moco_pretrained,four_head_sum_ce,mobilenetv3_small_tcn_multifusion_four_head,id_val,False,C:\Users\EM328 Super\Desktop\caxton-new-codex\v14_seqnorm_flowimage_package\runs\v14_results\v14_imgonly_moco_pretrained_seed1\run_config_resolved.json
v14_seqnorm_flowimage_package,v14_imgonly_moco_pretrained_seed2,imgonly,moco_pretrained,include64_train_only,stage_a,2.0,v13_moco_fusion,train_from_scratch_or_moco_pretrained,four_head_sum_ce,mobilenetv3_small_tcn_multifusion_four_head,id_val,False,C:\Users\EM328 Super\Desktop\caxton-new-codex\v14_seqnorm_flowimage_package\runs\v14_results\v14_imgonly_moco_pretrained_seed2\run_config_resolved.json
v14_seqnorm_flowimage_package,v14_imgonly_moco_pretrained_seed3,imgonly,moco_pretrained,include64_train_only,stage_a,3.0,v13_moco_fusion,train_from_scratch_or_moco_pretrained,four_head_sum_ce,mobilenetv3_small_tcn_multifusion_four_head,id_val,False,C:\Users\EM328 Super\Desktop\caxton-new-codex\v14_seqnorm_flowimage_package\runs\v14_results\v14_imgonly_moco_pretrained_seed3\run_config_resolved.json
v14_seqnorm_flowimage_package,v14_perheadgmu_moco_pretrained_seed1,perheadgmu,moco_pretrained,include64_train_only,stage_a,1.0,v13_moco_fusion,train_from_scratch_or_moco_pretrained,four_head_sum_ce,mobilenetv3_small_tcn_multifusion_four_head,id_val,False,C:\Users\EM328 Super\Desktop\caxton-new-codex\v14_seqnorm_flowimage_package\runs\v14_results\v14_perheadgmu_moco_pretrained_seed1\run_config_resolved.json
v14_seqnorm_flowimage_package,v14_perheadgmu_moco_pretrained_seed2,perheadgmu,moco_pretrained,include64_train_only,stage_a,2.0,v13_moco_fusion,train_from_scratch_or_moco_pretrained,four_head_sum_ce,mobilenetv3_small_tcn_multifusion_four_head,id_val,False,C:\Users\EM328 Super\Desktop\caxton-new-codex\v14_seqnorm_flowimage_package\runs\v14_results\v14_perheadgmu_moco_pretrained_seed2\run_config_resolved.json
v14_seqnorm_flowimage_package,v14_perheadgmu_moco_pretrained_seed3,perheadgmu,moco_pretrained,include64_train_only,stage_a,3.0,v13_moco_fusion,train_from_scratch_or_moco_pretrained,four_head_sum_ce,mobilenetv3_small_tcn_multifusion_four_head,id_val,False,C:\Users\EM328 Super\Desktop\caxton-new-codex\v14_seqnorm_flowimage_package\runs\v14_results\v14_perheadgmu_moco_pretrained_seed3\run_config_resolved.json
v14_seqnorm_flowimage_package,v14_tcnonly_instanorm_seed1,tcnonly,scratch,include64_train_only,stage_a,1.0,v13_moco_fusion,train_from_scratch_or_moco_pretrained,four_head_sum_ce,mobilenetv3_small_tcn_multifusion_four_head,id_val,False,C:\Users\EM328 Super\Desktop\caxton-new-codex\v14_seqnorm_flowimage_package\runs\v14_results\v14_tcnonly_instanorm_seed1\run_config_resolved.json
v14_seqnorm_flowimage_package,v14_tcnonly_instanorm_seed2,tcnonly,scratch,include64_train_only,stage_a,2.0,v13_moco_fusion,train_from_scratch_or_moco_pretrained,four_head_sum_ce,mobilenetv3_small_tcn_multifusion_four_head,id_val,False,C:\Users\EM328 Super\Desktop\caxton-new-codex\v14_seqnorm_flowimage_package\runs\v14_results\v14_tcnonly_instanorm_seed2\run_config_resolved.json
v14_seqnorm_flowimage_package,v14_tcnonly_instanorm_seed3,tcnonly,scratch,include64_train_only,stage_a,3.0,v13_moco_fusion,train_from_scratch_or_moco_pretrained,four_head_sum_ce,mobilenetv3_small_tcn_multifusion_four_head,id_val,False,C:\Users\EM328 Super\Desktop\caxton-new-codex\v14_seqnorm_flowimage_package\runs\v14_results\v14_tcnonly_instanorm_seed3\run_config_resolved.json
v14a_caxton_augment_package,v14a_caxton_augment_seed1,caxton,moco_pretrained,include64_train_only,stage_a,1.0,v13_moco_fusion,train_from_scratch_or_moco_pretrained,four_head_sum_ce,mobilenetv3_small_tcn_multifusion_four_head,id_val,False,C:\Users\EM328 Super\Desktop\caxton-new-codex\v14a_caxton_augment_package\runs\v14a_results\v14a_caxton_augment_seed1\run_config_resolved.json
v14b_seqaug_fullinstanorm_package,v14b_seqaug_fullinstanorm_seed1,gmu,moco_pretrained,include64_train_only,stage_a,1.0,v13_moco_fusion,train_from_scratch_or_moco_pretrained,four_head_sum_ce,mobilenetv3_small_tcn_multifusion_four_head,id_val,False,C:\Users\EM328 Super\Desktop\caxton-new-codex\v14b_seqaug_fullinstanorm_package\runs\v14b_results\v14b_seqaug_fullinstanorm_seed1\run_config_resolved.json
v14c_seqaug_imgaug_package,v14c_seqaug_imgaug_seed1,aonly,moco_pretrained,include64_train_only,stage_a,1.0,v13_moco_fusion,train_from_scratch_or_moco_pretrained,four_head_sum_ce,mobilenetv3_small_tcn_multifusion_four_head,id_val,False,C:\Users\EM328 Super\Desktop\caxton-new-codex\v14c_seqaug_imgaug_package\runs\v14c_results\v14c_seqaug_imgaug_seed1\run_config_resolved.json
v15_dinov2_vit_package,v15_dinov2_vit_mixup_seed1,vit_mixup,dinov2_pretrained,include64_train_only,stage_a,1.0,v13_moco_fusion,train_from_scratch_or_moco_pretrained,four_head_sum_ce,mobilenetv3_small_tcn_multifusion_four_head,id_val,False,C:\Users\EM328 Super\Desktop\caxton-new-codex\v15_dinov2_vit_package\runs\v15_results\v15_dinov2_vit_mixup_seed1\run_config_resolved.json
v15_dinov2_vit_package,v15_dinov2_vit_seed1,vit,dinov2_pretrained,include64_train_only,stage_a,1.0,v13_moco_fusion,train_from_scratch_or_moco_pretrained,four_head_sum_ce,mobilenetv3_small_tcn_multifusion_four_head,id_val,False,C:\Users\EM328 Super\Desktop\caxton-new-codex\v15_dinov2_vit_package\runs\v15_results\v15_dinov2_vit_seed1\run_config_resolved.json
v15a_unfreeze_domadv_package,v15a_unfreeze_caxton_seed1,vit,dinov2_partial,include64_train_only,stage_a,1.0,v13_moco_fusion,train_from_scratch_or_moco_pretrained,four_head_sum_ce,mobilenetv3_small_tcn_multifusion_four_head,id_val,False,C:\Users\EM328 Super\Desktop\caxton-new-codex\v15a_unfreeze_domadv_package\runs\v15a_results\v15a_unfreeze_caxton_seed1\run_config_resolved.json
v15b_ablation_package,v15b_frozen_caxton_seed1,vit,dinov2_frozen,include64_train_only,stage_a,1.0,v13_moco_fusion,train_from_scratch_or_moco_pretrained,four_head_sum_ce,mobilenetv3_small_tcn_multifusion_four_head,id_val,False,C:\Users\EM328 Super\Desktop\caxton-new-codex\v15b_ablation_package\runs\v15b_results\v15b_frozen_caxton_seed1\run_config_resolved.json
v15b_ablation_package,v15b_normonly_caxton_seed1,vit,dinov2_norm_only,include64_train_only,stage_a,1.0,v13_moco_fusion,train_from_scratch_or_moco_pretrained,four_head_sum_ce,mobilenetv3_small_tcn_multifusion_four_head,id_val,False,C:\Users\EM328 Super\Desktop\caxton-new-codex\v15b_ablation_package\runs\v15b_results\v15b_normonly_caxton_seed1\run_config_resolved.json
v15b_ablation_package,v15b_partial_caxton_w05_seed1,vit,dinov2_partial,include64_train_only,stage_a,1.0,v13_moco_fusion,train_from_scratch_or_moco_pretrained,four_head_sum_ce,mobilenetv3_small_tcn_multifusion_four_head,id_val,False,C:\Users\EM328 Super\Desktop\caxton-new-codex\v15b_ablation_package\runs\v15b_results\v15b_partial_caxton_w05_seed1\run_config_resolved.json
v15c_dualenc_package,v15c_dualenc_seed1,vit_dual,dinov2_dual,include64_train_only,stage_a,1.0,v13_moco_fusion,train_from_scratch_or_moco_pretrained,four_head_sum_ce,mobilenetv3_small_tcn_multifusion_four_head,id_val,False,C:\Users\EM328 Super\Desktop\caxton-new-codex\v15c_dualenc_package\runs\v15c_results\v15c_dualenc_seed1\run_config_resolved.json
v15c_dualenc_package,v15c_dualenc_temporal_seed1,vit_dual,dinov2_dual,temporal_81,stage_a,1.0,v13_moco_fusion,train_from_scratch_or_moco_pretrained,four_head_sum_ce,mobilenetv3_small_tcn_multifusion_four_head,id_val,False,C:\Users\EM328 Super\Desktop\caxton-new-codex\v15c_dualenc_package\runs\v15c_results\v15c_dualenc_temporal_seed1\run_config_resolved.json
v16_dinov3_package,v16_dinov3_seed1,vit_dual,dinov3_dual,include64_train_only,stage_a,1.0,v13_moco_fusion,train_from_scratch_or_moco_pretrained,four_head_sum_ce,mobilenetv3_small_tcn_multifusion_four_head,id_val,False,C:\Users\EM328 Super\Desktop\caxton-new-codex\v16_dinov3_package\runs\v16_results\v16_dinov3_seed1\run_config_resolved.json
v16_dinov3_package,v16_lite_dinov3_6blk_seed1,vit_dual,dinov3_truncated_6blk,include64_train_only,stage_a,1.0,v13_moco_fusion,train_from_scratch_or_moco_pretrained,four_head_sum_ce,mobilenetv3_small_tcn_multifusion_four_head,id_val,False,C:\Users\EM328 Super\Desktop\caxton-new-codex\v16_dinov3_package\runs\v16_results\v16_lite_dinov3_6blk_seed1\run_config_resolved.json
v16_dinov3_package,v16_lite_mnv3_seed1,gmu,mobilenetv3_lite,include64_train_only,stage_a,1.0,v13_moco_fusion,train_from_scratch_or_moco_pretrained,four_head_sum_ce,mobilenetv3_small_tcn_multifusion_four_head,id_val,False,C:\Users\EM328 Super\Desktop\caxton-new-codex\v16_dinov3_package\runs\v16_results\v16_lite_mnv3_seed1\run_config_resolved.json
v16_dinov3_package,v16_purevision_seed1,none,dinov3_purevision,include64_train_only,stage_a,1.0,v13_moco_fusion,train_from_scratch_or_moco_pretrained,four_head_sum_ce,mobilenetv3_small_tcn_multifusion_four_head,id_val,False,C:\Users\EM328 Super\Desktop\caxton-new-codex\v16_dinov3_package\runs\v16_results\v16_purevision_seed1\run_config_resolved.json
v17_caxton_adapted_package,v17_4blk_seed1,vit_dual,dinov3_truncated_4blk,include64_train_only,stage_a,1.0,v13_moco_fusion,train_from_scratch_or_moco_pretrained,four_head_sum_ce,mobilenetv3_small_tcn_multifusion_four_head,id_val,False,C:\Users\EM328 Super\Desktop\caxton-new-codex\v17_caxton_adapted_package\runs\v17_results\v17_4blk_seed1\run_config_resolved.json
v17_caxton_adapted_package,v17_5blk_seed1,vit_dual,dinov3_truncated_5blk,include64_train_only,stage_a,1.0,v13_moco_fusion,train_from_scratch_or_moco_pretrained,four_head_sum_ce,mobilenetv3_small_tcn_multifusion_four_head,id_val,False,C:\Users\EM328 Super\Desktop\caxton-new-codex\v17_caxton_adapted_package\runs\v17_results\v17_5blk_seed1\run_config_resolved.json
v17_caxton_adapted_package,v17_5blk_seed2,vit_dual,dinov3_truncated_5blk,include64_train_only,stage_a,2.0,v13_moco_fusion,train_from_scratch_or_moco_pretrained,four_head_sum_ce,mobilenetv3_small_tcn_multifusion_four_head,id_val,False,C:\Users\EM328 Super\Desktop\caxton-new-codex\v17_caxton_adapted_package\runs\v17_results\v17_5blk_seed2\run_config_resolved.json
v17_caxton_adapted_package,v17_5blk_seed3,vit_dual,dinov3_truncated_5blk,include64_train_only,stage_a,3.0,v13_moco_fusion,train_from_scratch_or_moco_pretrained,four_head_sum_ce,mobilenetv3_small_tcn_multifusion_four_head,id_val,False,C:\Users\EM328 Super\Desktop\caxton-new-codex\v17_caxton_adapted_package\runs\v17_results\v17_5blk_seed3\run_config_resolved.json
v17_caxton_adapted_package,v17_6blk_seed2,vit_dual,dinov3_truncated_6blk,include64_train_only,stage_a,2.0,v13_moco_fusion,train_from_scratch_or_moco_pretrained,four_head_sum_ce,mobilenetv3_small_tcn_multifusion_four_head,id_val,False,C:\Users\EM328 Super\Desktop\caxton-new-codex\v17_caxton_adapted_package\runs\v17_results\v17_6blk_seed2\run_config_resolved.json
v17_caxton_adapted_package,v17_6blk_seed3,vit_dual,dinov3_truncated_6blk,include64_train_only,stage_a,3.0,v13_moco_fusion,train_from_scratch_or_moco_pretrained,four_head_sum_ce,mobilenetv3_small_tcn_multifusion_four_head,id_val,False,C:\Users\EM328 Super\Desktop\caxton-new-codex\v17_caxton_adapted_package\runs\v17_results\v17_6blk_seed3\run_config_resolved.json
v17_caxton_adapted_package,v17_caxton_dual_seed1,vit_dual,dinov3_caxton_adapted_dual,include64_train_only,stage_a,1.0,v13_moco_fusion,train_from_scratch_or_moco_pretrained,four_head_sum_ce,mobilenetv3_small_tcn_multifusion_four_head,id_val,False,C:\Users\EM328 Super\Desktop\caxton-new-codex\v17_caxton_adapted_package\runs\v17_results\v17_caxton_dual_seed1\run_config_resolved.json
v18_dinov2_augmentation_package,v18_cutmix_seed1,vit_dual,dinov2_dual,include64_train_only,stage_a,1.0,v13_moco_fusion,train_from_scratch_or_moco_pretrained,four_head_sum_ce,mobilenetv3_small_tcn_multifusion_four_head,id_val,False,C:\Users\EM328 Super\Desktop\caxton-new-codex\v18_dinov2_augmentation_package\runs\v18_results\v18_cutmix_seed1\run_config_resolved.json
v18_dinov2_augmentation_package,v18_geometric_seed1,vit_dual,dinov2_dual,include64_train_only,stage_a,1.0,v13_moco_fusion,train_from_scratch_or_moco_pretrained,four_head_sum_ce,mobilenetv3_small_tcn_multifusion_four_head,id_val,False,C:\Users\EM328 Super\Desktop\caxton-new-codex\v18_dinov2_augmentation_package\runs\v18_results\v18_geometric_seed1\run_config_resolved.json
v18_dinov2_augmentation_package,v18_mixup_seed1,vit_dual,dinov2_dual,include64_train_only,stage_a,1.0,v13_moco_fusion,train_from_scratch_or_moco_pretrained,four_head_sum_ce,mobilenetv3_small_tcn_multifusion_four_head,id_val,False,C:\Users\EM328 Super\Desktop\caxton-new-codex\v18_dinov2_augmentation_package\runs\v18_results\v18_mixup_seed1\run_config_resolved.json
v18_dinov2_augmentation_package,v18_no_aug_seed1,vit_dual,dinov2_dual,include64_train_only,stage_a,1.0,v13_moco_fusion,train_from_scratch_or_moco_pretrained,four_head_sum_ce,mobilenetv3_small_tcn_multifusion_four_head,id_val,False,C:\Users\EM328 Super\Desktop\caxton-new-codex\v18_dinov2_augmentation_package\runs\v18_results\v18_no_aug_seed1\run_config_resolved.json
v19_flow_targeted_aug_package,v19_F1_seed1,vit_dual,dinov2_dual,include64_train_only,stage_a,1.0,v13_moco_fusion,train_from_scratch_or_moco_pretrained,four_head_sum_ce,mobilenetv3_small_tcn_multifusion_four_head,id_val,False,C:\Users\EM328 Super\Desktop\caxton-new-codex\v19_flow_targeted_aug_package\runs\v19_results\v19_F1_seed1\run_config_resolved.json
v20_arch_gradcam_study_package,v20_1branch_noseq_seed1,vit_dual,dinov2_dual,include64_train_only,stage_a,1.0,v13_moco_fusion,train_from_scratch_or_moco_pretrained,four_head_sum_ce,mobilenetv3_small_tcn_multifusion_four_head,id_val,False,C:\Users\EM328 Super\Desktop\caxton-new-codex\v20_arch_gradcam_study_package\runs\v20_results\v20_1branch_noseq_seed1\run_config_resolved.json
v20_arch_gradcam_study_package,v20_1branch_seq_seed1,vit_dual,dinov2_dual,include64_train_only,stage_a,1.0,v13_moco_fusion,train_from_scratch_or_moco_pretrained,four_head_sum_ce,mobilenetv3_small_tcn_multifusion_four_head,id_val,False,C:\Users\EM328 Super\Desktop\caxton-new-codex\v20_arch_gradcam_study_package\runs\v20_results\v20_1branch_seq_seed1\run_config_resolved.json
v20_arch_gradcam_study_package,v20_2branch_noseq_seed1,vit_dual,dinov2_dual,include64_train_only,stage_a,1.0,v13_moco_fusion,train_from_scratch_or_moco_pretrained,four_head_sum_ce,mobilenetv3_small_tcn_multifusion_four_head,id_val,False,C:\Users\EM328 Super\Desktop\caxton-new-codex\v20_arch_gradcam_study_package\runs\v20_results\v20_2branch_noseq_seed1\run_config_resolved.json
v20_arch_gradcam_study_package,v20_4branch_noseq_seed1,vit_dual,dinov2_dual,include64_train_only,stage_a,1.0,v13_moco_fusion,train_from_scratch_or_moco_pretrained,four_head_sum_ce,mobilenetv3_small_tcn_multifusion_four_head,id_val,False,C:\Users\EM328 Super\Desktop\caxton-new-codex\v20_arch_gradcam_study_package\runs\v20_results\v20_4branch_noseq_seed1\run_config_resolved.json
v20_arch_gradcam_study_package,v20_4branch_seq_seed1,vit_dual,dinov2_dual,include64_train_only,stage_a,1.0,v13_moco_fusion,train_from_scratch_or_moco_pretrained,four_head_sum_ce,mobilenetv3_small_tcn_multifusion_four_head,id_val,False,C:\Users\EM328 Super\Desktop\caxton-new-codex\v20_arch_gradcam_study_package\runs\v20_results\v20_4branch_seq_seed1\run_config_resolved.json
v22_se_attention_package,v22_SE_cls_seed1,vit_dual,dinov2_dual,include64_train_only,stage_a,1.0,v13_moco_fusion,train_from_scratch_or_moco_pretrained,four_head_sum_ce,dinov2_vit_s14_v15c_dual_encoder_tcn_gmu_se,id_val,False,C:\Users\EM328 Super\Desktop\caxton-new-codex\v22_se_attention_package\runs\v22_results\v22_SE_cls_seed1\run_config_resolved.json
v23_dinov2_vitl_ceiling_package,v23_dinov2_vitl_ceiling_seed1,vit_dual,dinov2_vitl_dual,include64_train_only,stage_a,1.0,v13_moco_fusion,train_from_scratch_or_moco_pretrained,four_head_sum_ce,mobilenetv3_small_tcn_multifusion_four_head,id_val,False,C:\Users\EM328 Super\Desktop\caxton-new-codex\v23_dinov2_vitl_ceiling_package\runs\v23_results\v23_dinov2_vitl_ceiling_seed1\run_config_resolved.json
v24_multirocket_tension_test,tcn_gap0p15_window2s_seed1,,,,,1.0,,,,,,,C:\Users\EM328 Super\Desktop\caxton-new-codex\v24_multirocket_tension_test\runs\encoder_tcn_gap0p15_dual_window\tcn_gap0p15_window2s_seed1\run_config_resolved.json
v24_multirocket_tension_test,tcn_gap0p15_window4s_seed1,,,,,1.0,,,,,,,C:\Users\EM328 Super\Desktop\caxton-new-codex\v24_multirocket_tension_test\runs\encoder_tcn_gap0p15_dual_window\tcn_gap0p15_window4s_seed1\run_config_resolved.json
v24_multirocket_tension_test,engineered_hist_gradient_boosting,,,,,,,,,,,,C:\Users\EM328 Super\Desktop\caxton-new-codex\v24_multirocket_tension_test\runs\encoder_tension_followup_features_inception\engineered_hist_gradient_boosting\run_config_resolved.json
v24_multirocket_tension_test,engineered_logreg_l2,,,,,,,,,,,,C:\Users\EM328 Super\Desktop\caxton-new-codex\v24_multirocket_tension_test\runs\encoder_tension_followup_features_inception\engineered_logreg_l2\run_config_resolved.json
v24_multirocket_tension_test,engineered_ridge_cv,,,,,,,,,,,,C:\Users\EM328 Super\Desktop\caxton-new-codex\v24_multirocket_tension_test\runs\encoder_tension_followup_features_inception\engineered_ridge_cv\run_config_resolved.json
v24_multirocket_tension_test,inceptiontime_small_groupnorm_seed1,,,,,1.0,,,,,,,C:\Users\EM328 Super\Desktop\caxton-new-codex\v24_multirocket_tension_test\runs\encoder_tension_followup_features_inception\inceptiontime_small_groupnorm_seed1\run_config_resolved.json
v24_multirocket_tension_test,engineered_hist_gradient_boosting,,,,,,,,,,,,C:\Users\EM328 Super\Desktop\caxton-new-codex\v24_multirocket_tension_test\runs\encoder_tension_fullframe_all_images\engineered_hist_gradient_boosting\run_config_resolved.json
v24_multirocket_tension_test,engineered_logreg_l2,,,,,,,,,,,,C:\Users\EM328 Super\Desktop\caxton-new-codex\v24_multirocket_tension_test\runs\encoder_tension_fullframe_all_images\engineered_logreg_l2\run_config_resolved.json
v24_multirocket_tension_test,engineered_ridge_cv,,,,,,,,,,,,C:\Users\EM328 Super\Desktop\caxton-new-codex\v24_multirocket_tension_test\runs\encoder_tension_fullframe_all_images\engineered_ridge_cv\run_config_resolved.json
v24_multirocket_tension_test,inceptiontime_small_groupnorm_seed1,,,,,1.0,,,,,,,C:\Users\EM328 Super\Desktop\caxton-new-codex\v24_multirocket_tension_test\runs\encoder_tension_fullframe_all_images\inceptiontime_small_groupnorm_seed1\run_config_resolved.json
v24_multirocket_tension_test,tcn_v13_style_tensiononly_fullframe_seed1,,,,,1.0,,,,,,,C:\Users\EM328 Super\Desktop\caxton-new-codex\v24_multirocket_tension_test\runs\encoder_tension_fullframe_all_images\tcn_v13_style_tensiononly_fullframe_seed1\run_config_resolved.json
v24_multirocket_tension_test,multirocket_tension_v13_temporal81,,,temporal_81,,,,,,,,,C:\Users\EM328 Super\Desktop\caxton-new-codex\v24_multirocket_tension_test\runs\multirocket_tension_v13_temporal81\run_config_resolved.json
v24_multirocket_tension_test,multirocket_tension_v13_temporal81_k1024,,,temporal_81,,,,,,,,,C:\Users\EM328 Super\Desktop\caxton-new-codex\v24_multirocket_tension_test\runs\multirocket_tension_v13_temporal81_k1024\run_config_resolved.json
v24_multirocket_tension_test,multirocket_tension_v13_temporal81_k6250,,,temporal_81,,,,,,,,,C:\Users\EM328 Super\Desktop\caxton-new-codex\v24_multirocket_tension_test\runs\multirocket_tension_v13_temporal81_k6250\run_config_resolved.json
v24_shallow_wide_package,v17_5blk_concat256_sgd_seed1,vit_dual,dinov3_truncated_5blk,include64_train_only,stage_a,1.0,v13_moco_fusion,train_from_scratch_or_moco_pretrained,four_head_sum_ce,mobilenetv3_small_tcn_multifusion_four_head,id_val,False,C:\Users\EM328 Super\Desktop\caxton-new-codex\v24_shallow_wide_package\runs\v17_5blk_fusion_swap_results\v17_5blk_concat256_sgd_seed1\run_config_resolved.json
v24_shallow_wide_package,v17_5blk_film_sgd_seed1,vit_dual,dinov3_truncated_5blk,include64_train_only,stage_a,1.0,v13_moco_fusion,train_from_scratch_or_moco_pretrained,four_head_sum_ce,mobilenetv3_small_tcn_multifusion_four_head,id_val,False,C:\Users\EM328 Super\Desktop\caxton-new-codex\v24_shallow_wide_package\runs\v17_5blk_fusion_swap_results\v17_5blk_film_sgd_seed1\run_config_resolved.json
v24_shallow_wide_package,v17_5blk_sum_sgd_seed1,vit_dual,dinov3_truncated_5blk,include64_train_only,stage_a,1.0,v13_moco_fusion,train_from_scratch_or_moco_pretrained,four_head_sum_ce,mobilenetv3_small_tcn_multifusion_four_head,id_val,False,C:\Users\EM328 Super\Desktop\caxton-new-codex\v24_shallow_wide_package\runs\v17_5blk_fusion_swap_results\v17_5blk_sum_sgd_seed1\run_config_resolved.json
v24_shallow_wide_package,v17_5blk_seqaux_sgd_seed1,vit_dual,dinov3_truncated_5blk_seqaux,include64_train_only,stage_a,1.0,v13_moco_fusion,train_from_scratch_or_moco_pretrained,four_head_sum_ce,mobilenetv3_small_tcn_multifusion_four_head,id_val,False,C:\Users\EM328 Super\Desktop\caxton-new-codex\v24_shallow_wide_package\runs\v17_5blk_seqaux_results\v17_5blk_seqaux_sgd_seed1\run_config_resolved.json
v24_shallow_wide_package,v17_5blk_sgd_pilot_seed1,vit_dual,dinov3_truncated_5blk,include64_train_only,stage_a,1.0,v13_moco_fusion,train_from_scratch_or_moco_pretrained,four_head_sum_ce,mobilenetv3_small_tcn_multifusion_four_head,id_val,False,C:\Users\EM328 Super\Desktop\caxton-new-codex\v24_shallow_wide_package\runs\v17_5blk_sgd_pilot_results\v17_5blk_sgd_pilot_seed1\run_config_resolved.json
v24_shallow_wide_package,v17_5blk_sgd_pure_seed1,vit_dual,dinov3_truncated_5blk,include64_train_only,stage_a,1.0,v13_moco_fusion,train_from_scratch_or_moco_pretrained,four_head_sum_ce,mobilenetv3_small_tcn_multifusion_four_head,id_val,False,C:\Users\EM328 Super\Desktop\caxton-new-codex\v24_shallow_wide_package\runs\v17_5blk_sgd_pure_results\v17_5blk_sgd_pure_seed1\run_config_resolved.json
v24_shallow_wide_package,v24_centercrop160_v17_5blk_seqaux_seed1,vit_dual,dinov3_truncated_5blk_seqaux_center_crop_160,include64_train_only,stage_a,1.0,v13_moco_fusion,train_from_scratch_or_moco_pretrained,four_head_sum_ce,mobilenetv3_small_tcn_multifusion_four_head,id_val,False,C:\Users\EM328 Super\Desktop\caxton-new-codex\v24_shallow_wide_package\runs\v24_centercrop_seqaux_results\v24_centercrop160_v17_5blk_seqaux_seed1\run_config_resolved.json
v24_shallow_wide_package,v24_dinov2_vits_5blk_sgd_pure_seed1,vit_dual,dinov2_vits_5blk,include64_train_only,stage_a,1.0,v13_moco_fusion,train_from_scratch_or_moco_pretrained,four_head_sum_ce,mobilenetv3_small_tcn_multifusion_four_head,id_val,False,C:\Users\EM328 Super\Desktop\caxton-new-codex\v24_shallow_wide_package\runs\v24_dinov2_vits_sgd_pure_results\v24_dinov2_vits_5blk_sgd_pure_seed1\run_config_resolved.json
v24_shallow_wide_package,v24_v17best_branchb_fusionb_head_pbmargin_seed1,vit_dual,dinov3_truncated_5blk,include64_train_only,stage_a,1.0,v13_moco_fusion,train_from_scratch_or_moco_pretrained,four_head_sum_ce,mobilenetv3_small_tcn_multifusion_four_head,id_val,False,C:\Users\EM328 Super\Desktop\caxton-new-codex\v24_shallow_wide_package\runs\v24_rescue_from_best\finetune_from_v17_5blk_seed1\v24_v17best_branchb_fusionb_head_pbmargin_seed1\run_config_resolved.json
v24_shallow_wide_package,v24_v17best_fusionb_head_pbmargin_seed1,vit_dual,dinov3_truncated_5blk,include64_train_only,stage_a,1.0,v13_moco_fusion,train_from_scratch_or_moco_pretrained,four_head_sum_ce,mobilenetv3_small_tcn_multifusion_four_head,id_val,False,C:\Users\EM328 Super\Desktop\caxton-new-codex\v24_shallow_wide_package\runs\v24_rescue_from_best\finetune_from_v17_5blk_seed1\v24_v17best_fusionb_head_pbmargin_seed1\run_config_resolved.json
v24_shallow_wide_package,v24_v17best_geoaug_branchb_fusionb_head_pbmargin_seed1,vit_dual,dinov3_truncated_5blk,include64_train_only,stage_a,1.0,v13_moco_fusion,train_from_scratch_or_moco_pretrained,four_head_sum_ce,mobilenetv3_small_tcn_multifusion_four_head,id_val,False,C:\Users\EM328 Super\Desktop\caxton-new-codex\v24_shallow_wide_package\runs\v24_rescue_from_best\finetune_from_v17_5blk_seed1\v24_v17best_geoaug_branchb_fusionb_head_pbmargin_seed1\run_config_resolved.json
v24_shallow_wide_package,v24_v17best_headonly_pbmargin_seed1,vit_dual,dinov3_truncated_5blk,include64_train_only,stage_a,1.0,v13_moco_fusion,train_from_scratch_or_moco_pretrained,four_head_sum_ce,mobilenetv3_small_tcn_multifusion_four_head,id_val,False,C:\Users\EM328 Super\Desktop\caxton-new-codex\v24_shallow_wide_package\runs\v24_rescue_from_best\finetune_from_v17_5blk_seed1\v24_v17best_headonly_pbmargin_seed1\run_config_resolved.json
v24_shallow_wide_package,v24_geoaug_v17_5blk_seed1_fulltrain,vit_dual,dinov3_truncated_5blk,include64_train_only,stage_a,1.0,v13_moco_fusion,train_from_scratch_or_moco_pretrained,four_head_sum_ce,mobilenetv3_small_tcn_multifusion_four_head,id_val,False,C:\Users\EM328 Super\Desktop\caxton-new-codex\v24_shallow_wide_package\runs\v24_rescue_from_best\geoaug_fulltrain\v24_geoaug_v17_5blk_seed1_fulltrain\run_config_resolved.json
v24_shallow_wide_package,v24_geoaug_v17_5blk_seed1_fulltrain_true,vit_dual,dinov3_truncated_5blk,include64_train_only,stage_a,1.0,v13_moco_fusion,train_from_scratch_or_moco_pretrained,four_head_sum_ce,mobilenetv3_small_tcn_multifusion_four_head,id_val,False,C:\Users\EM328 Super\Desktop\caxton-new-codex\v24_shallow_wide_package\runs\v24_rescue_from_best\geoaug_fulltrain\v24_geoaug_v17_5blk_seed1_fulltrain_true\run_config_resolved.json
v24_shallow_wide_package,v24_dinov2_vitb_5blk_phase2_seed1,vit_dual,dinov2_vitb_5blk,include64_train_only,stage_a,1.0,v13_moco_fusion,train_from_scratch_or_moco_pretrained,four_head_sum_ce,mobilenetv3_small_tcn_multifusion_four_head,id_val,False,C:\Users\EM328 Super\Desktop\caxton-new-codex\v24_shallow_wide_package\runs\v24_results\v24_dinov2_vitb_5blk_phase2_seed1\run_config_resolved.json
v24_shallow_wide_package,v24_dinov2_vitb_5blk_seed1,vit_dual,dinov2_vitb_5blk,include64_train_only,stage_a,1.0,v13_moco_fusion,train_from_scratch_or_moco_pretrained,four_head_sum_ce,mobilenetv3_small_tcn_multifusion_four_head,id_val,False,C:\Users\EM328 Super\Desktop\caxton-new-codex\v24_shallow_wide_package\runs\v24_results\v24_dinov2_vitb_5blk_seed1\run_config_resolved.json
v24_shallow_wide_package,v24_dinov2_vitb_5blk_warmup15_seed1,vit_dual,dinov2_vitb_5blk,include64_train_only,stage_a,1.0,v13_moco_fusion,train_from_scratch_or_moco_pretrained,four_head_sum_ce,mobilenetv3_small_tcn_multifusion_four_head,id_val,False,C:\Users\EM328 Super\Desktop\caxton-new-codex\v24_shallow_wide_package\runs\v24_results\v24_dinov2_vitb_5blk_warmup15_seed1\run_config_resolved.json
v24_shallow_wide_package,v24_dinov3_vitb_5blk_seed1,vit_dual,dinov3_vitb_5blk,include64_train_only,stage_a,1.0,v13_moco_fusion,train_from_scratch_or_moco_pretrained,four_head_sum_ce,mobilenetv3_small_tcn_multifusion_four_head,id_val,False,C:\Users\EM328 Super\Desktop\caxton-new-codex\v24_shallow_wide_package\runs\v24_results\v24_dinov3_vitb_5blk_seed1\run_config_resolved.json
v24_shallow_wide_package,v17_5blk_seed1,vit_dual,dinov3_truncated_5blk,include64_train_only,stage_a,1.0,v13_moco_fusion,train_from_scratch_or_moco_pretrained,four_head_sum_ce,mobilenetv3_small_tcn_multifusion_four_head,id_val,False,C:\Users\EM328 Super\Desktop\caxton-new-codex\v24_shallow_wide_package\runs\v24_temp_rescue\v24_temp_rescue_v17orig_seed1\run_config_resolved.json
v24_shallow_wide_package,v24_tension_ce_coral_aux_w0p2_seqaux_seed1,vit_dual,dinov3_truncated_5blk_tension_ce_coral_aux,include64_train_only,stage_a,1.0,v13_moco_fusion,train_from_scratch_or_moco_pretrained,four_head_sum_ce,mobilenetv3_small_tcn_multifusion_four_head,id_val,False,C:\Users\EM328 Super\Desktop\caxton-new-codex\v24_shallow_wide_package\runs\v24_tension_ce_coral_aux_results\v24_tension_ce_coral_aux_w0p2_seqaux_seed1\run_config_resolved.json
v24_shallow_wide_package,v24_tension_ce_coral_aux_w0p5_seqaux_seed1,vit_dual,dinov3_truncated_5blk_tension_ce_coral_aux,include64_train_only,stage_a,1.0,v13_moco_fusion,train_from_scratch_or_moco_pretrained,four_head_sum_ce,mobilenetv3_small_tcn_multifusion_four_head,id_val,False,C:\Users\EM328 Super\Desktop\caxton-new-codex\v24_shallow_wide_package\runs\v24_tension_ce_coral_aux_w0p5_results\v24_tension_ce_coral_aux_w0p5_seqaux_seed1\run_config_resolved.json
v24_shallow_wide_package,v24_tension_coral_seqaux_seed1,vit_dual,dinov3_truncated_5blk_tension_coral,include64_train_only,stage_a,1.0,v13_moco_fusion,train_from_scratch_or_moco_pretrained,four_head_sum_ce,mobilenetv3_small_tcn_multifusion_four_head,id_val,False,C:\Users\EM328 Super\Desktop\caxton-new-codex\v24_shallow_wide_package\runs\v24_tension_coral_results\v24_tension_coral_seqaux_seed1\run_config_resolved.json
v24_shallow_wide_package,v24_tension_headonly_printbalanced_class3margin_seed1,vit_dual,dinov3_truncated_5blk_seqaux,include64_train_only,stage_a,1.0,v13_moco_fusion,train_from_scratch_or_moco_pretrained,four_head_sum_ce,mobilenetv3_small_tcn_multifusion_four_head,id_val,False,C:\Users\EM328 Super\Desktop\caxton-new-codex\v24_shallow_wide_package\runs\v24_tension_headonly_results\v24_tension_headonly_printbalanced_class3margin_seed1\run_config_resolved.json
v24_shallow_wide_package,v24_tension_only_v17_5blk_seqaux_seed1,vit_dual,dinov3_truncated_5blk_seqaux,include64_train_only,stage_a,1.0,v13_moco_fusion,train_from_scratch_or_moco_pretrained,four_head_sum_ce,mobilenetv3_small_tcn_multifusion_four_head,id_val,False,C:\Users\EM328 Super\Desktop\caxton-new-codex\v24_shallow_wide_package\runs\v24_tension_only_results\v24_tension_only_v17_5blk_seqaux_seed1\run_config_resolved.json
v24_shallow_wide_package,v24_tension_pcgrad_finetune_from_v17_seqaux_seed1,vit_dual,dinov3_truncated_5blk_seqaux,include64_train_only,stage_a,1.0,v13_moco_fusion,train_from_scratch_or_moco_pretrained,four_head_sum_ce,mobilenetv3_small_tcn_multifusion_four_head,id_val,False,C:\Users\EM328 Super\Desktop\caxton-new-codex\v24_shallow_wide_package\runs\v24_tension_pcgrad_results\v24_tension_pcgrad_finetune_from_v17_seqaux_seed1\run_config_resolved.json
v24_shallow_wide_package,v24_tension_rescue_printbalanced_class3margin_seed1,vit_dual,dinov3_truncated_5blk_seqaux,include64_train_only,stage_a,1.0,v13_moco_fusion,train_from_scratch_or_moco_pretrained,four_head_sum_ce,mobilenetv3_small_tcn_multifusion_four_head,id_val,False,C:\Users\EM328 Super\Desktop\caxton-new-codex\v24_shallow_wide_package\runs\v24_tension_rescue_results\v24_tension_rescue_printbalanced_class3margin_seed1\run_config_resolved.json
