version,phase,condition,split_policy,n_runs,train_mean,val_mean,test_mean,test_std,primary_mean,speed_mean,flow_mean,temp_mean,tension_mean,val_test_gap_mean,source_csv,note
v1,fusion_ablation,fusion=m5; modality=multimodal; gap=2.0s,,,,,0.6525963149078727,,0.6525963149078727,0.6532663316582915,0.6311557788944724,0.6733668341708543,1.0,,C:\Users\EM328 Super\Desktop\caxton-new-codex\新增資料夾\research_package_v1\tables\fusion_ablation_summary.csv,v1 primary_acc based early target run
v1,strict_freeze,strict_freeze_image_backbone=True,,,,,0.6743718592964824,,0.6743718592964824,0.671356783919598,0.6562814070351759,0.6954773869346733,,,C:\Users\EM328 Super\Desktop\caxton-new-codex\新增資料夾\research_package_v1\tables\strict_freeze_comparison.csv,v1 primary_acc based early target run
v2,piece_cv,config_group=fusion_m4_1s,,3.0,,,0.7986658034089932,0.0764849745111245,0.774952111404049,0.8148292317605907,0.7665574405696143,0.7434696618819417,0.8698068794238258,,C:\Users\EM328 Super\Desktop\caxton-new-codex\v2\research_package_v2\piece_cv_sweeps\piece_cv_20260501_031449\tables\aggregate_by_config.csv,3-fold piece CV on corrected tension four-head labels
v2,sampling_gap_ablation,sample_gap_s=0.5,,,,,0.7635598526558732,0.0732635393159732,0.7459879276840103,0.7947020972391696,0.7172675289396677,0.7259941568731936,0.8162756275714619,,C:\Users\EM328 Super\Desktop\caxton-new-codex\v2\research_package_v2\piece_cv_sweeps\piece_cv_20260501_031449\tables\sampling_ablation_m2.csv,m2 sampling gap ablation
v3,image_only_comparison,config_name=image_only_unfrozen_source; split_policy=leave_one_piece_out,leave_one_piece_out,9.0,,0.3971845190455373,0.4877413523846649,0.0910087292712343,,0.4385932832590418,0.4644707077277584,0.4357555279763654,0.6121458905754937,-0.0905568333391275,C:\Users\EM328 Super\Desktop\caxton-new-codex\v3\research_package_v3\tables\image_only_comparison.csv,image-only comparison
v3,main_run_summary,run_group=main_sweep; config_name=fusion_m4_1s; split_policy=leave_one_piece_out,leave_one_piece_out,9.0,,0.4434752817671237,0.6855001736024501,0.0424246270799063,,0.7199210726375225,0.6469435316124638,0.6314748852159788,0.7436612049438355,-0.2420248918353263,C:\Users\EM328 Super\Desktop\caxton-new-codex\v3\research_package_v3\tables\run_summary.csv,aggregated from v3 per-run summary
v3,split_policy_ablation,split_policy=leave_one_piece_out,leave_one_piece_out,9.0,,0.4434752817671237,0.6855001736024501,0.0424246270799063,,0.7199210726375225,0.6469435316124638,0.6314748852159788,0.7436612049438355,-0.2420248918353263,C:\Users\EM328 Super\Desktop\caxton-new-codex\v3\research_package_v3\tables\aggregate_by_split_policy.csv,split policy comparison
v3,window_length_ablation,window_length=200.0; window_s=4.0,,9.0,,0.4414830761851568,0.6954430487752609,0.0587334887948898,,0.7407391439457359,0.649326166592818,0.6266462318470483,0.7650606527154413,-0.253959972590104,C:\Users\EM328 Super\Desktop\caxton-new-codex\v3\research_package_v3\tables\window_length_ablation_aggregate.csv,TCN input history length ablation
v4,combined_aggregate,phase=phase1_backbone_ablation; config_name=trial_multimodal_1s; backbone_mode=unfrozen_source; split_policy=leave_one_piece_out,leave_one_piece_out,9.0,,0.4599183815598325,0.6828810359348237,0.0460141659695865,,0.7522424999187936,0.6334640422973227,0.582007500015936,0.7638101015072427,-0.2229626543749912,C:\Users\EM328 Super\Desktop\caxton-new-codex\v4\research_package_v4\tables\v4_combined_aggregate.csv,v4 full combined aggregate
v4,final_leaderboard,phase=phase1_backbone_ablation; config_name=trial_multimodal_1s; backbone_mode=unfrozen_source; split_policy=leave_one_piece_out,leave_one_piece_out,9.0,,0.4599183815598325,0.6828810359348237,0.0460141659695865,,0.7522424999187936,0.6334640422973227,0.582007500015936,0.7638101015072427,-0.2229626543749912,C:\Users\EM328 Super\Desktop\caxton-new-codex\v4\research_package_v4\tables\final_leaderboard.csv,v4 curated leaderboard
v5,doe_strength_sweep,variant=doe_03; split_policy=leave_one_piece_out,leave_one_piece_out,9.0,,0.4570029205286967,0.6722381694350121,0.0433020033018601,,0.7538072177123477,0.6140778923137438,0.5769906782276739,0.7440768894862825,,C:\Users\EM328 Super\Desktop\caxton-new-codex\v5\research_package_v5\tables\phase3_doe_strength_sweep.csv,v5 DOE strength sweep
v5,ensemble,split_policy=leave_one_piece_out,leave_one_piece_out,,,,0.6981189032164116,0.0293685314297422,,0.7664749765922857,0.6545733226775615,0.6313449260682972,0.7400823875275022,,C:\Users\EM328 Super\Desktop\caxton-new-codex\v5\research_package_v5\tables\phase4_ensemble_summary.csv,v5 ensemble summary
v5.1,feature_sync_ablation,suite=targeted_confirm; feature_config=raw2; sync_offset_samples=-6; train_sync_jitter_samples=3; split_policy=leave_one_piece_out,leave_one_piece_out,6.0,,0.4599394103920248,0.6914880424202486,0.0536416477774708,0.6693486150011617,0.7655303276730582,0.630883316330639,0.6116322009997878,0.7579063246775094,,C:\Users\EM328 Super\Desktop\caxton-new-codex\v5.1\research_package_v5_1\tables\v5_1_summary_by_condition.csv,v5.1 feature/sync/jitter ablation
v5.1,targeted_confirmation,split_policy=leave_one_piece_out,leave_one_piece_out,12.0,,0.4649503950857673,0.6902160505055538,0.053222505442176,0.6651942126719216,0.7577814649109654,0.6308996656861596,0.6069015074186394,0.7652815640064508,,C:\Users\EM328 Super\Desktop\caxton-new-codex\v5.1\research_package_v5_1\tables\v5_1_targeted_confirmation_summary.csv,v5.1 targeted confirmation
v5.1,top20_conditions,split_policy=leave_one_piece_out,leave_one_piece_out,6.0,,0.4599394103920248,0.6914880424202486,0.0536416477774708,0.6693486150011617,0.7655303276730582,0.630883316330639,0.6116322009997878,0.7579063246775094,,C:\Users\EM328 Super\Desktop\caxton-new-codex\v5.1\research_package_v5_1\tables\v5_1_top20_conditions.csv,v5.1 top conditions
v5.2,loco,condition_name=A_raw4_baseline; split_policy=leave_one_combo_out,leave_one_combo_out,27.0,,0.6659275722760186,0.2620578671105468,0.025707600372285,,0.3720346901471312,0.0354787390935693,0.1162230994386761,0.5244949397628106,0.4038697051654717,C:\Users\EM328 Super\Desktop\caxton-new-codex\v5.2\research_package_v5_2\tables\v5_2_loco_summary_by_condition.csv,leave-one-combo-out
v5.2,srpwc,condition_name=D_smooth4_05s_mask_phase; split_policy=stratified_random_by_piece_within_combo,stratified_random_by_piece_within_combo,15.0,,0.5339644291290195,0.5087475804041869,0.0727510855448228,,0.5881270876224647,0.421685195624042,0.3901410335169599,0.635037004853281,0.0252168487248325,C:\Users\EM328 Super\Desktop\caxton-new-codex\v5.2\research_package_v5_2\tables\v5_2_srpwc_summary_by_condition.csv,stratified random by piece within combo
v5.2,vs_v5_v51,source=v5_phase3; condition_name=v5_phase3_baseline_raw4; split_policy=leave_one_piece_out,leave_one_piece_out,9.0,,,0.6833306884517177,0.0458977078075366,,0.7529795897928111,0.6338541287830229,0.5827700847729257,0.7637189504581109,,C:\Users\EM328 Super\Desktop\caxton-new-codex\v5.2\research_package_v5_2\tables\v5_2_vs_v5_v51_summary.csv,v5.2 comparison against v5/v5.1
v5.3,modality_ablation,condition_name=E_image_only_raw4; modality=image_only; split_policy=nature_temporal_split,nature_temporal_split,,,0.7381131131131131,0.7253118503118503,,,,,,,0.0128012628012628,C:\Users\EM328 Super\Desktop\caxton-new-codex\v5.3_nature_split\research_package_v5_3_nature_split\tables\v5_3_modality_ablation_inventory.csv,v5.3 per-run modality ablation
v5.3,nature_temporal_split,condition_name=D_smooth4_05s_mask_phase; feature_config=smooth4_05s_mask_phase; split_policy=nature_temporal_split,nature_temporal_split,3.0,,0.984984984984985,0.9545218295218296,0.0040593813284337,0.9444444444444444,0.9539154539154538,0.9397089397089397,0.9397089397089397,0.9847539847539848,0.0304631554631554,C:\Users\EM328 Super\Desktop\caxton-new-codex\v5.3_nature_split\research_package_v5_3_nature_split\tables\v5_3_nature_summary_by_condition.csv,per-print temporal 70/20/10 split
v5.3,nature_vs_strict_splits,source=v5.3; condition_name=D_smooth4_05s_mask_phase; split_policy=nature_temporal_split,nature_temporal_split,3.0,,,0.9545218295218296,0.0040593813284337,,,,,,,C:\Users\EM328 Super\Desktop\caxton-new-codex\v5.3_nature_split\research_package_v5_3_nature_split\tables\v5_3_nature_vs_lopo_loco_summary.csv,nature split vs strict LOPO/LOCO comparison
v6,phase1_channel_ablation,feature_config=ch1_dpos_f; channel_count=1,,12.0,,,0.6487851847212341,0.1060178461532592,,0.7392476981127863,0.6170236608632816,0.5510364021432251,0.6878329777656433,,C:\Users\EM328 Super\Desktop\caxton-new-codex\v6\research_package_v6\tables\phase1_combined_rank.csv,causal TCN channel ablation combined rank
v6,phase2_fusion_comparison,fusion_method=gmu,,12.0,,,0.656065125840468,0.1035752303925486,,0.7233762488506007,0.619251146963894,0.5713671882047674,0.7102659193426101,-0.1394301412408139,C:\Users\EM328 Super\Desktop\caxton-new-codex\v6\research_package_v6\tables\phase2_combined_rank.csv,causal TCN fusion comparison
v6,phase3_aux_loss,aux_loss_lambda=0.0,,12.0,,,0.6560440255405194,0.103287368590128,,,,,,-0.1392650709538331,C:\Users\EM328 Super\Desktop\caxton-new-codex\v6\research_package_v6\tables\phase3_combined_rank.csv,auxiliary loss ablation
v6,phase4_5_modality,family=tcn ch1_dpos_f gmu source_frozen; modality=fusion,,12.0,0.7913214492406544,0.516634984599654,0.656065125840468,0.1035752303925486,,,,,,,C:\Users\EM328 Super\Desktop\caxton-new-codex\v6\research_package_v6\tables\phase4_5_modality_compare.csv,image-only / encoder-only / fusion
v6,phase4_5_scalar_vs_tcn,comparison=tcn ch1_dpos_f gmu fusion source_frozen,,12.0,0.7913214492406544,0.516634984599654,0.656065125840468,0.1035752303925486,,0.7233762488506007,0.6192511469638939,0.5713671882047674,0.7102659193426101,,C:\Users\EM328 Super\Desktop\caxton-new-codex\v6\research_package_v6\tables\phase4_5_scalar_vs_tcn.csv,scalar-current vs TCN window
v6,phase4_5_transfer,family=tcn ch1_dpos_f gmu fusion; transfer_mode=source_frozen,,12.0,0.7913214492406544,0.516634984599654,0.656065125840468,0.1035752303925486,,,,,,,C:\Users\EM328 Super\Desktop\caxton-new-codex\v6\research_package_v6\tables\phase4_5_transfer_compare.csv,source-frozen vs no-source trainable
v6,phase4_scalar_current,feature_config=ch4_all; fusion_method=residual_img,,12.0,0.7147721653883033,0.4680547845427822,0.5771908310645367,0.0875121371433934,,0.5731689245823702,0.5441298130772796,0.5138359088316652,0.677628677766832,-0.1091360465217545,C:\Users\EM328 Super\Desktop\caxton-new-codex\v6\research_package_v6\tables\phase4_scalar_current_summary.csv,scalar-current no-TCN fusion/feature sweep
